{"arrossars_4":{"width":72,"height":49,"x":0,"y":0,"pixelRatio":1},"arrossars_4_bn":{"width":72,"height":49,"x":72,"y":0,"pixelRatio":1},"camping_29":{"width":29,"height":29,"x":0,"y":49,"pixelRatio":1},"cova_29":{"width":29,"height":29,"x":29,"y":49,"pixelRatio":1},"senderisme_29":{"width":29,"height":29,"x":58,"y":49,"pixelRatio":1},"arrossars_2":{"width":36,"height":24,"x":87,"y":49,"pixelRatio":1},"arrossars_2_bn":{"width":36,"height":24,"x":0,"y":78,"pixelRatio":1},"boscos_aciculifolis":{"width":25,"height":21,"x":36,"y":78,"pixelRatio":1},"boscos_aciculifolis_bn":{"width":25,"height":21,"x":61,"y":78,"pixelRatio":1},"boscos_caducifolis":{"width":25,"height":21,"x":86,"y":78,"pixelRatio":1},"boscos_caducifolis_bn":{"width":25,"height":21,"x":111,"y":78,"pixelRatio":1},"conreus_arbacis_seca":{"width":24,"height":21,"x":0,"y":102,"pixelRatio":1},"conreus_arbacis_seca_bn":{"width":24,"height":21,"x":24,"y":102,"pixelRatio":1},"plantacions_arbres":{"width":23,"height":21,"x":48,"y":102,"pixelRatio":1},"plantacions_arbres_bn":{"width":23,"height":21,"x":71,"y":102,"pixelRatio":1},"arrossars":{"width":23,"height":20,"x":94,"y":102,"pixelRatio":1},"arrossars_bn":{"width":23,"height":20,"x":117,"y":102,"pixelRatio":1},"conreus_arbacis_regadiu":{"width":24,"height":20,"x":0,"y":123,"pixelRatio":1},"conreus_arbacis_regadiu_bn":{"width":24,"height":20,"x":24,"y":123,"pixelRatio":1},"fruiters_regadiu":{"width":25,"height":20,"x":48,"y":123,"pixelRatio":1},"fruiters_regadiu_bn":{"width":25,"height":20,"x":73,"y":123,"pixelRatio":1},"molleres_i_aiguamolls":{"width":22,"height":20,"x":98,"y":123,"pixelRatio":1},"molleres_i_aiguamolls_bn":{"width":22,"height":20,"x":120,"y":123,"pixelRatio":1},"molleres_muntanya":{"width":22,"height":20,"x":0,"y":143,"pixelRatio":1},"molleres_muntanya_bn":{"width":22,"height":20,"x":22,"y":143,"pixelRatio":1},"vinya":{"width":23,"height":20,"x":44,"y":143,"pixelRatio":1},"vinya_bn":{"width":23,"height":20,"x":67,"y":143,"pixelRatio":1},"wetland":{"width":22,"height":20,"x":90,"y":143,"pixelRatio":1},"wetland_bn":{"width":22,"height":20,"x":112,"y":143,"pixelRatio":1},"bosquines_matollars":{"width":21,"height":19,"x":123,"y":49,"pixelRatio":1},"bosquines_matollars_bn":{"width":21,"height":19,"x":0,"y":163,"pixelRatio":1},"fruiters_seca":{"width":26,"height":19,"x":21,"y":163,"pixelRatio":1},"fruiters_seca_bn":{"width":26,"height":19,"x":47,"y":163,"pixelRatio":1},"aerodrom_11":{"width":17,"height":17,"x":73,"y":163,"pixelRatio":1},"aerodrom_bn_11":{"width":17,"height":17,"x":90,"y":163,"pixelRatio":1},"aeroport_11":{"width":17,"height":17,"x":107,"y":163,"pixelRatio":1},"aeroport_bn_11":{"width":17,"height":17,"x":124,"y":163,"pixelRatio":1},"airfield_11":{"width":17,"height":17,"x":141,"y":163,"pixelRatio":1},"airfield_bn_11":{"width":17,"height":17,"x":158,"y":163,"pixelRatio":1},"airport_11":{"width":17,"height":17,"x":175,"y":163,"pixelRatio":1},"airport_bn_11":{"width":17,"height":17,"x":192,"y":163,"pixelRatio":1},"ajuntament_11":{"width":17,"height":17,"x":209,"y":163,"pixelRatio":1},"ajuntament_bn_11":{"width":17,"height":17,"x":226,"y":163,"pixelRatio":1},"alberg_internacional_11":{"width":17,"height":17,"x":243,"y":163,"pixelRatio":1},"alberg_internacional_bn_11":{"width":17,"height":17,"x":260,"y":163,"pixelRatio":1},"alcohol_shop_11":{"width":17,"height":17,"x":142,"y":123,"pixelRatio":1},"alcohol_shop_bn_11":{"width":17,"height":17,"x":159,"y":123,"pixelRatio":1},"allotjament_rural_11":{"width":17,"height":17,"x":176,"y":123,"pixelRatio":1},"allotjament_rural_bn_11":{"width":17,"height":17,"x":193,"y":123,"pixelRatio":1},"amusement_park_11":{"width":17,"height":17,"x":210,"y":123,"pixelRatio":1},"amusement_park_bn_11":{"width":17,"height":17,"x":227,"y":123,"pixelRatio":1},"aparcament_11":{"width":17,"height":17,"x":244,"y":123,"pixelRatio":1},"aparcament_autocaravanes_11":{"width":17,"height":17,"x":261,"y":123,"pixelRatio":1},"aparcament_autocaravanes_bn_11":{"width":17,"height":17,"x":134,"y":143,"pixelRatio":1},"aparcament_bn_11":{"width":17,"height":17,"x":151,"y":143,"pixelRatio":1},"apartament_turistic_11":{"width":17,"height":17,"x":168,"y":143,"pixelRatio":1},"apartament_turistic_bn_11":{"width":17,"height":17,"x":185,"y":143,"pixelRatio":1},"aquarium_11":{"width":17,"height":17,"x":202,"y":143,"pixelRatio":1},"aquarium_bn_11":{"width":17,"height":17,"x":219,"y":143,"pixelRatio":1},"arbre_monumental_11":{"width":17,"height":17,"x":236,"y":143,"pixelRatio":1},"arbre_monumental_bn_11":{"width":17,"height":17,"x":253,"y":143,"pixelRatio":1},"area_picnic_11":{"width":17,"height":17,"x":270,"y":143,"pixelRatio":1},"area_picnic_bn_11":{"width":17,"height":17,"x":140,"y":102,"pixelRatio":1},"areapicnic_11":{"width":17,"height":17,"x":157,"y":102,"pixelRatio":1},"areapicnic_bn_11":{"width":17,"height":17,"x":174,"y":102,"pixelRatio":1},"art_gallery_11":{"width":17,"height":17,"x":191,"y":102,"pixelRatio":1},"art_gallery_bn_11":{"width":17,"height":17,"x":208,"y":102,"pixelRatio":1},"artesania_11":{"width":17,"height":17,"x":225,"y":102,"pixelRatio":1},"artesania_bn_11":{"width":17,"height":17,"x":242,"y":102,"pixelRatio":1},"asterisc_hotel-pensio_11":{"width":17,"height":17,"x":259,"y":102,"pixelRatio":1},"asterisc_hotel-pensio_bn_11":{"width":17,"height":17,"x":136,"y":78,"pixelRatio":1},"attraction_11":{"width":17,"height":17,"x":153,"y":78,"pixelRatio":1},"attraction_bn_11":{"width":17,"height":17,"x":170,"y":78,"pixelRatio":1},"avenc_11":{"width":17,"height":17,"x":187,"y":78,"pixelRatio":1},"avenc_bn_11":{"width":17,"height":17,"x":204,"y":78,"pixelRatio":1},"baixador_altres_11":{"width":17,"height":17,"x":221,"y":78,"pixelRatio":1},"baixador_fgc_11":{"width":17,"height":17,"x":238,"y":78,"pixelRatio":1},"baixador_renfe_11":{"width":17,"height":17,"x":255,"y":78,"pixelRatio":1},"bakery_11":{"width":17,"height":17,"x":144,"y":49,"pixelRatio":1},"bakery_bn_11":{"width":17,"height":17,"x":161,"y":49,"pixelRatio":1},"balneari_11":{"width":17,"height":17,"x":178,"y":49,"pixelRatio":1},"balneari_bn_11":{"width":17,"height":17,"x":195,"y":49,"pixelRatio":1},"bank_11":{"width":17,"height":17,"x":212,"y":49,"pixelRatio":1},"bank_bn_11":{"width":17,"height":17,"x":229,"y":49,"pixelRatio":1},"bar_11":{"width":17,"height":17,"x":246,"y":49,"pixelRatio":1},"bar_bn_11":{"width":17,"height":17,"x":263,"y":49,"pixelRatio":1},"beer_11":{"width":17,"height":17,"x":144,"y":0,"pixelRatio":1},"beer_bn_11":{"width":17,"height":17,"x":161,"y":0,"pixelRatio":1},"bicycle_11":{"width":17,"height":17,"x":178,"y":0,"pixelRatio":1},"bicycle_bn_11":{"width":17,"height":17,"x":195,"y":0,"pixelRatio":1},"bicycle_rental_11":{"width":17,"height":17,"x":212,"y":0,"pixelRatio":1},"bicycle_rental_bn_11":{"width":17,"height":17,"x":229,"y":0,"pixelRatio":1},"bosc_destacat_11":{"width":17,"height":17,"x":246,"y":0,"pixelRatio":1},"bosc_destacat_bn_11":{"width":17,"height":17,"x":263,"y":0,"pixelRatio":1},"bossa_11":{"width":17,"height":17,"x":0,"y":182,"pixelRatio":1},"bossa_bn_11":{"width":17,"height":17,"x":17,"y":182,"pixelRatio":1},"bus_11":{"width":17,"height":17,"x":34,"y":182,"pixelRatio":1},"bus_bn_11":{"width":17,"height":17,"x":51,"y":182,"pixelRatio":1},"cabana_11":{"width":17,"height":17,"x":68,"y":182,"pixelRatio":1},"cabana_bn_11":{"width":17,"height":17,"x":85,"y":182,"pixelRatio":1},"cafe_11":{"width":17,"height":17,"x":102,"y":182,"pixelRatio":1},"cafe_bn_11":{"width":17,"height":17,"x":119,"y":182,"pixelRatio":1},"camp_futbol 25_11":{"width":17,"height":17,"x":136,"y":182,"pixelRatio":1},"camp_futbol_50_11":{"width":17,"height":17,"x":153,"y":182,"pixelRatio":1},"camp_golf_250_11":{"width":17,"height":17,"x":170,"y":182,"pixelRatio":1},"camping_11":{"width":17,"height":17,"x":187,"y":182,"pixelRatio":1},"camping__2_11":{"width":17,"height":17,"x":204,"y":182,"pixelRatio":1},"camping_bn_11":{"width":17,"height":17,"x":221,"y":182,"pixelRatio":1},"campsite_11":{"width":17,"height":17,"x":238,"y":182,"pixelRatio":1},"campsite_bn_11":{"width":17,"height":17,"x":255,"y":182,"pixelRatio":1},"canoa_kaiac_11":{"width":17,"height":17,"x":0,"y":199,"pixelRatio":1},"canoa_kaiac_bn_11":{"width":17,"height":17,"x":17,"y":199,"pixelRatio":1},"car_11":{"width":17,"height":17,"x":34,"y":199,"pixelRatio":1},"car_bn_11":{"width":17,"height":17,"x":51,"y":199,"pixelRatio":1},"casino_11":{"width":17,"height":17,"x":68,"y":199,"pixelRatio":1},"casino_bn_11":{"width":17,"height":17,"x":85,"y":199,"pixelRatio":1},"castell_11":{"width":17,"height":17,"x":102,"y":199,"pixelRatio":1},"castell__2_11":{"width":17,"height":17,"x":119,"y":199,"pixelRatio":1},"castell_bn_11":{"width":17,"height":17,"x":136,"y":199,"pixelRatio":1},"castle_11":{"width":17,"height":17,"x":153,"y":199,"pixelRatio":1},"castle_bn_11":{"width":17,"height":17,"x":170,"y":199,"pixelRatio":1},"celler_11":{"width":17,"height":17,"x":187,"y":199,"pixelRatio":1},"celler_bn_11":{"width":17,"height":17,"x":204,"y":199,"pixelRatio":1},"cemetery_11":{"width":17,"height":17,"x":221,"y":199,"pixelRatio":1},"cemetery_bn_11":{"width":17,"height":17,"x":238,"y":199,"pixelRatio":1},"centre_BTT_11":{"width":17,"height":17,"x":255,"y":199,"pixelRatio":1},"centre_BTT_bn_11":{"width":17,"height":17,"x":0,"y":216,"pixelRatio":1},"cinema_11":{"width":17,"height":17,"x":17,"y":216,"pixelRatio":1},"cinema_bn_11":{"width":17,"height":17,"x":34,"y":216,"pixelRatio":1},"circle_11":{"width":17,"height":17,"x":51,"y":216,"pixelRatio":1},"circle_blau_11":{"width":17,"height":17,"x":68,"y":216,"pixelRatio":1},"circle_blau_bn_11":{"width":17,"height":17,"x":85,"y":216,"pixelRatio":1},"circle_bn_11":{"width":17,"height":17,"x":102,"y":216,"pixelRatio":1},"circle_stroked_11":{"width":17,"height":17,"x":119,"y":216,"pixelRatio":1},"circle_stroked_blau_11":{"width":17,"height":17,"x":136,"y":216,"pixelRatio":1},"circle_stroked_blau_bn_11":{"width":17,"height":17,"x":153,"y":216,"pixelRatio":1},"circle_stroked_bn_11":{"width":17,"height":17,"x":170,"y":216,"pixelRatio":1},"claustre_11":{"width":17,"height":17,"x":187,"y":216,"pixelRatio":1},"claustre_bn_11":{"width":17,"height":17,"x":204,"y":216,"pixelRatio":1},"clothing_store_11":{"width":17,"height":17,"x":221,"y":216,"pixelRatio":1},"clothing_store_bn_11":{"width":17,"height":17,"x":238,"y":216,"pixelRatio":1},"college_11":{"width":17,"height":17,"x":255,"y":216,"pixelRatio":1},"college_bn_11":{"width":17,"height":17,"x":0,"y":233,"pixelRatio":1},"colonia_industrial_11":{"width":17,"height":17,"x":17,"y":233,"pixelRatio":1},"colonia_industrial_bn_11":{"width":17,"height":17,"x":34,"y":233,"pixelRatio":1},"conjunt_monumental_11":{"width":17,"height":17,"x":51,"y":233,"pixelRatio":1},"conjunt_monumental_bn_11":{"width":17,"height":17,"x":68,"y":233,"pixelRatio":1},"cova_11":{"width":17,"height":17,"x":85,"y":233,"pixelRatio":1},"cova_avenc_11":{"width":17,"height":17,"x":102,"y":233,"pixelRatio":1},"cova_bn_11":{"width":17,"height":17,"x":119,"y":233,"pixelRatio":1},"cremallera_funicular_11":{"width":17,"height":17,"x":136,"y":233,"pixelRatio":1},"cremallera_funicular_bn_11":{"width":17,"height":17,"x":153,"y":233,"pixelRatio":1},"curiositat_natural_11":{"width":17,"height":17,"x":170,"y":233,"pixelRatio":1},"curiositat_natural_bn_11":{"width":17,"height":17,"x":187,"y":233,"pixelRatio":1},"denominacio_origen_cava_11":{"width":17,"height":17,"x":204,"y":233,"pixelRatio":1},"denominacio_origen_cava_bn_11":{"width":17,"height":17,"x":221,"y":233,"pixelRatio":1},"denominacio_origen_oli_11":{"width":17,"height":17,"x":238,"y":233,"pixelRatio":1},"denominacio_origen_oli_bn_11":{"width":17,"height":17,"x":255,"y":233,"pixelRatio":1},"denominacio_origen_vi_11":{"width":17,"height":17,"x":0,"y":250,"pixelRatio":1},"denominacio_origen_vi_bn_11":{"width":17,"height":17,"x":17,"y":250,"pixelRatio":1},"dentist_11":{"width":17,"height":17,"x":34,"y":250,"pixelRatio":1},"dentist_bn_11":{"width":17,"height":17,"x":51,"y":250,"pixelRatio":1},"depuradora_11":{"width":17,"height":17,"x":68,"y":250,"pixelRatio":1},"diposit_cobert_circular_11":{"width":17,"height":17,"x":85,"y":250,"pixelRatio":1},"diposit_cobert_rect_11":{"width":17,"height":17,"x":102,"y":250,"pixelRatio":1},"diposit_combustible_11":{"width":17,"height":17,"x":119,"y":250,"pixelRatio":1},"diposit_sitja_circular_11":{"width":17,"height":17,"x":136,"y":250,"pixelRatio":1},"diposit_sitja_quadrat_11":{"width":17,"height":17,"x":153,"y":250,"pixelRatio":1},"doctor_11":{"width":17,"height":17,"x":170,"y":250,"pixelRatio":1},"doctor_bn_11":{"width":17,"height":17,"x":187,"y":250,"pixelRatio":1},"dog_park_11":{"width":17,"height":17,"x":204,"y":250,"pixelRatio":1},"dog_park_bn_11":{"width":17,"height":17,"x":221,"y":250,"pixelRatio":1},"drinking_water_11":{"width":17,"height":17,"x":238,"y":250,"pixelRatio":1},"drinking_water_bn_11":{"width":17,"height":17,"x":255,"y":250,"pixelRatio":1},"edificacio religiosa aillada_11":{"width":17,"height":17,"x":0,"y":267,"pixelRatio":1},"edifici_interes_11":{"width":17,"height":17,"x":17,"y":267,"pixelRatio":1},"edifici_interes_bn_11":{"width":17,"height":17,"x":34,"y":267,"pixelRatio":1},"element_interes_11":{"width":17,"height":17,"x":51,"y":267,"pixelRatio":1},"element_interes_bn_11":{"width":17,"height":17,"x":68,"y":267,"pixelRatio":1},"embassament_presa_11":{"width":17,"height":17,"x":85,"y":267,"pixelRatio":1},"embassy_11":{"width":17,"height":17,"x":102,"y":267,"pixelRatio":1},"embassy_bn_11":{"width":17,"height":17,"x":119,"y":267,"pixelRatio":1},"emisor_receptor_telecos_11":{"width":17,"height":17,"x":136,"y":267,"pixelRatio":1},"entrance_11":{"width":17,"height":17,"x":153,"y":267,"pixelRatio":1},"entrance_bn_11":{"width":17,"height":17,"x":170,"y":267,"pixelRatio":1},"equipament_educatiu_11":{"width":17,"height":17,"x":187,"y":267,"pixelRatio":1},"equipament_educatiu_bn_11":{"width":17,"height":17,"x":204,"y":267,"pixelRatio":1},"esglesia_11":{"width":17,"height":17,"x":221,"y":267,"pixelRatio":1},"esglesia_bn_11":{"width":17,"height":17,"x":238,"y":267,"pixelRatio":1},"espai_natural_1_11":{"width":17,"height":17,"x":255,"y":267,"pixelRatio":1},"espai_natural_1_bn_11":{"width":17,"height":17,"x":0,"y":284,"pixelRatio":1},"espai_natural_2_11":{"width":17,"height":17,"x":17,"y":284,"pixelRatio":1},"espai_natural_2_bn_11":{"width":17,"height":17,"x":34,"y":284,"pixelRatio":1},"espai_natural_protegit_11":{"width":17,"height":17,"x":51,"y":284,"pixelRatio":1},"espai_natural_protegit_bn_11":{"width":17,"height":17,"x":68,"y":284,"pixelRatio":1},"esqui_de_fons_11":{"width":17,"height":17,"x":85,"y":284,"pixelRatio":1},"esqui_de_fons_bn_11":{"width":17,"height":17,"x":102,"y":284,"pixelRatio":1},"estacio_altres_11":{"width":17,"height":17,"x":119,"y":284,"pixelRatio":1},"estacio_esqui_11":{"width":17,"height":17,"x":136,"y":284,"pixelRatio":1},"estacio_esqui_bn_11":{"width":17,"height":17,"x":153,"y":284,"pixelRatio":1},"estacio_ferrocarril_11":{"width":17,"height":17,"x":170,"y":284,"pixelRatio":1},"estacio_ferrocarril_bn_11":{"width":17,"height":17,"x":187,"y":284,"pixelRatio":1},"estacio_ffcc_11":{"width":17,"height":17,"x":204,"y":284,"pixelRatio":1},"estacio_ffcc_bn_11":{"width":17,"height":17,"x":221,"y":284,"pixelRatio":1},"estacio_fgc_11":{"width":17,"height":17,"x":238,"y":284,"pixelRatio":1},"estacio_permanent_GNNS_11":{"width":17,"height":17,"x":255,"y":284,"pixelRatio":1},"estacio_renfe_11":{"width":17,"height":17,"x":0,"y":301,"pixelRatio":1},"estrelles_hostal_pensio_11":{"width":17,"height":17,"x":17,"y":301,"pixelRatio":1},"estrelles_hostal_pensio_bn_11":{"width":17,"height":17,"x":34,"y":301,"pixelRatio":1},"estrelles_hotel_11":{"width":17,"height":17,"x":51,"y":301,"pixelRatio":1},"estrelles_hotel_bn_11":{"width":17,"height":17,"x":68,"y":301,"pixelRatio":1},"far_11":{"width":17,"height":17,"x":85,"y":301,"pixelRatio":1},"far_250_11":{"width":17,"height":17,"x":102,"y":301,"pixelRatio":1},"far_bn_11":{"width":17,"height":17,"x":119,"y":301,"pixelRatio":1},"fast_food_11":{"width":17,"height":17,"x":136,"y":301,"pixelRatio":1},"fast_food_bn_11":{"width":17,"height":17,"x":153,"y":301,"pixelRatio":1},"ferry_terminal_11":{"width":17,"height":17,"x":170,"y":301,"pixelRatio":1},"ferry_terminal_bn_11":{"width":17,"height":17,"x":187,"y":301,"pixelRatio":1},"fire_station_11":{"width":17,"height":17,"x":204,"y":301,"pixelRatio":1},"fire_station_bn_11":{"width":17,"height":17,"x":221,"y":301,"pixelRatio":1},"fletxa-BTT_11":{"width":17,"height":17,"x":238,"y":301,"pixelRatio":1},"fletxa-BTT_b_11":{"width":17,"height":17,"x":255,"y":301,"pixelRatio":1},"fletxa-BTT_b_bn_11":{"width":17,"height":17,"x":0,"y":318,"pixelRatio":1},"fletxa-BTT_bn_11":{"width":17,"height":17,"x":17,"y":318,"pixelRatio":1},"font_11":{"width":17,"height":17,"x":34,"y":318,"pixelRatio":1},"font_bn_11":{"width":17,"height":17,"x":51,"y":318,"pixelRatio":1},"fuel_11":{"width":17,"height":17,"x":68,"y":318,"pixelRatio":1},"fuel_bn_11":{"width":17,"height":17,"x":85,"y":318,"pixelRatio":1},"garden_11":{"width":17,"height":17,"x":102,"y":318,"pixelRatio":1},"garden_bn_11":{"width":17,"height":17,"x":119,"y":318,"pixelRatio":1},"gastronomia_11":{"width":17,"height":17,"x":136,"y":318,"pixelRatio":1},"gastronomia_bn_11":{"width":17,"height":17,"x":153,"y":318,"pixelRatio":1},"golf_11":{"width":17,"height":17,"x":170,"y":318,"pixelRatio":1},"golf_bn_11":{"width":17,"height":17,"x":187,"y":318,"pixelRatio":1},"grocery_11":{"width":17,"height":17,"x":204,"y":318,"pixelRatio":1},"grocery_bn_11":{"width":17,"height":17,"x":221,"y":318,"pixelRatio":1},"harbor_11":{"width":17,"height":17,"x":238,"y":318,"pixelRatio":1},"harbor_bn_11":{"width":17,"height":17,"x":255,"y":318,"pixelRatio":1},"heliport_11":{"width":17,"height":17,"x":0,"y":335,"pixelRatio":1},"heliport_bn_11":{"width":17,"height":17,"x":17,"y":335,"pixelRatio":1},"hipica_11":{"width":17,"height":17,"x":34,"y":335,"pixelRatio":1},"hipica_bn_11":{"width":17,"height":17,"x":51,"y":335,"pixelRatio":1},"hospital_11":{"width":17,"height":17,"x":68,"y":335,"pixelRatio":1},"hospital_bn_11":{"width":17,"height":17,"x":85,"y":335,"pixelRatio":1},"hostal_pensio_11":{"width":17,"height":17,"x":102,"y":335,"pixelRatio":1},"hostal_pensio_bn_11":{"width":17,"height":17,"x":119,"y":335,"pixelRatio":1},"hotel_11":{"width":17,"height":17,"x":136,"y":335,"pixelRatio":1},"hotel_bn_11":{"width":17,"height":17,"x":153,"y":335,"pixelRatio":1},"ice_cream_11":{"width":17,"height":17,"x":170,"y":335,"pixelRatio":1},"ice_cream_bn_11":{"width":17,"height":17,"x":187,"y":335,"pixelRatio":1},"informacio_parc_11":{"width":17,"height":17,"x":204,"y":335,"pixelRatio":1},"informacio_parc_bn_11":{"width":17,"height":17,"x":221,"y":335,"pixelRatio":1},"information_11":{"width":17,"height":17,"x":238,"y":335,"pixelRatio":1},"information_bn_11":{"width":17,"height":17,"x":255,"y":335,"pixelRatio":1},"itinerari_adaptat_11":{"width":17,"height":17,"x":0,"y":352,"pixelRatio":1},"itinerari_adaptat_bn_11":{"width":17,"height":17,"x":17,"y":352,"pixelRatio":1},"laundry_11":{"width":17,"height":17,"x":34,"y":352,"pixelRatio":1},"laundry_bn_11":{"width":17,"height":17,"x":51,"y":352,"pixelRatio":1},"library_11":{"width":17,"height":17,"x":68,"y":352,"pixelRatio":1},"library_11_":{"width":17,"height":17,"x":85,"y":352,"pixelRatio":1},"library_bn_11":{"width":17,"height":17,"x":102,"y":352,"pixelRatio":1},"lodging_11":{"width":17,"height":17,"x":119,"y":352,"pixelRatio":1},"lodging_bn_11":{"width":17,"height":17,"x":136,"y":352,"pixelRatio":1},"mareograf_11":{"width":17,"height":17,"x":153,"y":352,"pixelRatio":1},"marker_11":{"width":17,"height":17,"x":170,"y":352,"pixelRatio":1},"marker_bn_11":{"width":17,"height":17,"x":187,"y":352,"pixelRatio":1},"megalit-dolmen_11":{"width":17,"height":17,"x":204,"y":352,"pixelRatio":1},"megalit-dolmen_bn_11":{"width":17,"height":17,"x":221,"y":352,"pixelRatio":1},"mina_11":{"width":17,"height":17,"x":238,"y":352,"pixelRatio":1},"mina_abandonada_11":{"width":17,"height":17,"x":255,"y":352,"pixelRatio":1},"modernisme_1_11":{"width":17,"height":17,"x":0,"y":369,"pixelRatio":1},"modernisme_1_bn_11":{"width":17,"height":17,"x":17,"y":369,"pixelRatio":1},"modernisme_2_11":{"width":17,"height":17,"x":34,"y":369,"pixelRatio":1},"modernisme_2_bn_11":{"width":17,"height":17,"x":51,"y":369,"pixelRatio":1},"monestir_11":{"width":17,"height":17,"x":68,"y":369,"pixelRatio":1},"monestir_2_11":{"width":17,"height":17,"x":85,"y":369,"pixelRatio":1},"monestir_bn_11":{"width":17,"height":17,"x":102,"y":369,"pixelRatio":1},"monument-1_11":{"width":17,"height":17,"x":119,"y":369,"pixelRatio":1},"monument-1_bn_11":{"width":17,"height":17,"x":136,"y":369,"pixelRatio":1},"monument-4_11":{"width":17,"height":17,"x":153,"y":369,"pixelRatio":1},"monument-4_bn_11":{"width":17,"height":17,"x":170,"y":369,"pixelRatio":1},"monument_11":{"width":17,"height":17,"x":187,"y":369,"pixelRatio":1},"monument_bn_11":{"width":17,"height":17,"x":204,"y":369,"pixelRatio":1},"mountain_11":{"width":17,"height":17,"x":221,"y":369,"pixelRatio":1},"mountain_bn_11":{"width":17,"height":17,"x":238,"y":369,"pixelRatio":1},"museu_11":{"width":17,"height":17,"x":255,"y":369,"pixelRatio":1},"museu_bn_11":{"width":17,"height":17,"x":272,"y":182,"pixelRatio":1},"museum_11":{"width":17,"height":17,"x":289,"y":182,"pixelRatio":1},"museum_bn_11":{"width":17,"height":17,"x":306,"y":182,"pixelRatio":1},"music_11":{"width":17,"height":17,"x":323,"y":182,"pixelRatio":1},"music_bn_11":{"width":17,"height":17,"x":340,"y":182,"pixelRatio":1},"observatori_fauna_11":{"width":17,"height":17,"x":357,"y":182,"pixelRatio":1},"observatori_fauna_bn_11":{"width":17,"height":17,"x":374,"y":182,"pixelRatio":1},"paracaigudisme_11":{"width":17,"height":17,"x":391,"y":182,"pixelRatio":1},"paracaigudisme_bn_11":{"width":17,"height":17,"x":408,"y":182,"pixelRatio":1},"parada_autobus_11":{"width":17,"height":17,"x":425,"y":182,"pixelRatio":1},"parada_autobus_bn_11":{"width":17,"height":17,"x":442,"y":182,"pixelRatio":1},"parc_jardi_botanic_11":{"width":17,"height":17,"x":459,"y":182,"pixelRatio":1},"parc_jardi_botanic_bn_11":{"width":17,"height":17,"x":476,"y":182,"pixelRatio":1},"parc_natural_11":{"width":17,"height":17,"x":493,"y":182,"pixelRatio":1},"parc_natural_bn_11":{"width":17,"height":17,"x":510,"y":182,"pixelRatio":1},"parc_tematic_11":{"width":17,"height":17,"x":527,"y":182,"pixelRatio":1},"parc_tematic_bn_11":{"width":17,"height":17,"x":544,"y":182,"pixelRatio":1},"park_11":{"width":17,"height":17,"x":272,"y":199,"pixelRatio":1},"park_bn_11":{"width":17,"height":17,"x":289,"y":199,"pixelRatio":1},"patrimoni_industrial_11":{"width":17,"height":17,"x":306,"y":199,"pixelRatio":1},"patrimoni_industrial_bn_11":{"width":17,"height":17,"x":323,"y":199,"pixelRatio":1},"peatge_11":{"width":17,"height":17,"x":340,"y":199,"pixelRatio":1},"pedrera_11":{"width":17,"height":17,"x":357,"y":199,"pixelRatio":1},"pedrera_abandonada_11":{"width":17,"height":17,"x":374,"y":199,"pixelRatio":1},"pharmacy_11":{"width":17,"height":17,"x":391,"y":199,"pixelRatio":1},"pharmacy_bn_11":{"width":17,"height":17,"x":408,"y":199,"pixelRatio":1},"pic_11":{"width":17,"height":17,"x":425,"y":199,"pixelRatio":1},"pic_bn_11":{"width":17,"height":17,"x":442,"y":199,"pixelRatio":1},"picnic_site_11":{"width":17,"height":17,"x":459,"y":199,"pixelRatio":1},"picnic_site_bn_11":{"width":17,"height":17,"x":476,"y":199,"pixelRatio":1},"pista_esqui_11":{"width":17,"height":17,"x":493,"y":199,"pixelRatio":1},"place_of_worship_11":{"width":17,"height":17,"x":510,"y":199,"pixelRatio":1},"place_of_worship_bn_11":{"width":17,"height":17,"x":527,"y":199,"pixelRatio":1},"playground_11":{"width":17,"height":17,"x":544,"y":199,"pixelRatio":1},"playground_bn_11":{"width":17,"height":17,"x":272,"y":216,"pixelRatio":1},"police_11":{"width":17,"height":17,"x":289,"y":216,"pixelRatio":1},"police_bn_11":{"width":17,"height":17,"x":306,"y":216,"pixelRatio":1},"policia_11":{"width":17,"height":17,"x":323,"y":216,"pixelRatio":1},"policia_bn_11":{"width":17,"height":17,"x":340,"y":216,"pixelRatio":1},"pont_11":{"width":17,"height":17,"x":357,"y":216,"pixelRatio":1},"pont_bn_11":{"width":17,"height":17,"x":374,"y":216,"pixelRatio":1},"port_1esportiu_11":{"width":17,"height":17,"x":391,"y":216,"pixelRatio":1},"port_1esportiu_bn_11":{"width":17,"height":17,"x":408,"y":216,"pixelRatio":1},"port_esportiu_11":{"width":17,"height":17,"x":425,"y":216,"pixelRatio":1},"port_esportiu_bn_11":{"width":17,"height":17,"x":442,"y":216,"pixelRatio":1},"port_estacio_maritima_11":{"width":17,"height":17,"x":459,"y":216,"pixelRatio":1},"port_estacio_maritima_bn_11":{"width":17,"height":17,"x":476,"y":216,"pixelRatio":1},"post_11":{"width":17,"height":17,"x":493,"y":216,"pixelRatio":1},"post_bn_11":{"width":17,"height":17,"x":510,"y":216,"pixelRatio":1},"prison_11":{"width":17,"height":17,"x":527,"y":216,"pixelRatio":1},"prison_bn_11":{"width":17,"height":17,"x":544,"y":216,"pixelRatio":1},"punt_informacio_11":{"width":17,"height":17,"x":272,"y":233,"pixelRatio":1},"punt_informacio_bn_11":{"width":17,"height":17,"x":289,"y":233,"pixelRatio":1},"punt_informacio_parc_11":{"width":17,"height":17,"x":306,"y":233,"pixelRatio":1},"punt_informacio_parc_bn_11":{"width":17,"height":17,"x":323,"y":233,"pixelRatio":1},"rail_light_11":{"width":17,"height":17,"x":340,"y":233,"pixelRatio":1},"rail_light_bn_11":{"width":17,"height":17,"x":357,"y":233,"pixelRatio":1},"rail_metro_11":{"width":17,"height":17,"x":374,"y":233,"pixelRatio":1},"rail_metro_bn_11":{"width":17,"height":17,"x":391,"y":233,"pixelRatio":1},"railway_11":{"width":17,"height":17,"x":408,"y":233,"pixelRatio":1},"railway_bn_11":{"width":17,"height":17,"x":425,"y":233,"pixelRatio":1},"refugi_11":{"width":17,"height":17,"x":442,"y":233,"pixelRatio":1},"refugi_amb_clau_11":{"width":17,"height":17,"x":459,"y":233,"pixelRatio":1},"refugi_amb_clau_bn_11":{"width":17,"height":17,"x":476,"y":233,"pixelRatio":1},"refugi_amb_guarda_11":{"width":17,"height":17,"x":493,"y":233,"pixelRatio":1},"refugi_amb_guarda_bn_11":{"width":17,"height":17,"x":510,"y":233,"pixelRatio":1},"refugi_sense_guarda_11":{"width":17,"height":17,"x":527,"y":233,"pixelRatio":1},"refugi_sense_guarda_bn_11":{"width":17,"height":17,"x":544,"y":233,"pixelRatio":1},"religious_christian_11":{"width":17,"height":17,"x":272,"y":250,"pixelRatio":1},"religious_christian_bn_11":{"width":17,"height":17,"x":289,"y":250,"pixelRatio":1},"religious_jewish_11":{"width":17,"height":17,"x":306,"y":250,"pixelRatio":1},"religious_jewish_bn_11":{"width":17,"height":17,"x":323,"y":250,"pixelRatio":1},"religious_muslim_11":{"width":17,"height":17,"x":340,"y":250,"pixelRatio":1},"religious_muslim_bn_11":{"width":17,"height":17,"x":357,"y":250,"pixelRatio":1},"rem_11":{"width":17,"height":17,"x":374,"y":250,"pixelRatio":1},"rem_bn_11":{"width":17,"height":17,"x":391,"y":250,"pixelRatio":1},"restaurant_11":{"width":17,"height":17,"x":408,"y":250,"pixelRatio":1},"restaurant_bn_11":{"width":17,"height":17,"x":425,"y":250,"pixelRatio":1},"restes_histoarque_11":{"width":17,"height":17,"x":442,"y":250,"pixelRatio":1},"restes_histoarque_bn_11":{"width":17,"height":17,"x":459,"y":250,"pixelRatio":1},"riu_navegable_11":{"width":17,"height":17,"x":476,"y":250,"pixelRatio":1},"riu_navegable_2_11":{"width":17,"height":17,"x":493,"y":250,"pixelRatio":1},"riu_navegable_bn_11":{"width":17,"height":17,"x":510,"y":250,"pixelRatio":1},"rocket_11":{"width":17,"height":17,"x":527,"y":250,"pixelRatio":1},"rocket_bn_11":{"width":17,"height":17,"x":544,"y":250,"pixelRatio":1},"salt_aigua_11":{"width":17,"height":17,"x":272,"y":267,"pixelRatio":1},"salt_aigua_bn_11":{"width":17,"height":17,"x":289,"y":267,"pixelRatio":1},"salt_daigua_11":{"width":17,"height":17,"x":306,"y":267,"pixelRatio":1},"school_11":{"width":17,"height":17,"x":323,"y":267,"pixelRatio":1},"school_bn_11":{"width":17,"height":17,"x":340,"y":267,"pixelRatio":1},"senderisme_11":{"width":17,"height":17,"x":357,"y":267,"pixelRatio":1},"senderisme_bn_11":{"width":17,"height":17,"x":374,"y":267,"pixelRatio":1},"shop_11":{"width":17,"height":17,"x":391,"y":267,"pixelRatio":1},"shop_bn_11":{"width":17,"height":17,"x":408,"y":267,"pixelRatio":1},"stadium_11":{"width":17,"height":17,"x":425,"y":267,"pixelRatio":1},"stadium_2_11":{"width":17,"height":17,"x":442,"y":267,"pixelRatio":1},"stadium_2_bn_11":{"width":17,"height":17,"x":459,"y":267,"pixelRatio":1},"stadium_3_11":{"width":17,"height":17,"x":476,"y":267,"pixelRatio":1},"stadium_3_bn_11":{"width":17,"height":17,"x":493,"y":267,"pixelRatio":1},"stadium_4_11":{"width":17,"height":17,"x":510,"y":267,"pixelRatio":1},"stadium_4_bn_11":{"width":17,"height":17,"x":527,"y":267,"pixelRatio":1},"stadium_bn_11":{"width":17,"height":17,"x":544,"y":267,"pixelRatio":1},"star_11":{"width":17,"height":17,"x":272,"y":284,"pixelRatio":1},"star_bn_11":{"width":17,"height":17,"x":289,"y":284,"pixelRatio":1},"submarinisme_11":{"width":17,"height":17,"x":306,"y":284,"pixelRatio":1},"submarinisme_bn_11":{"width":17,"height":17,"x":323,"y":284,"pixelRatio":1},"suitcase-1_11":{"width":17,"height":17,"x":340,"y":284,"pixelRatio":1},"suitcase-1_bn_11":{"width":17,"height":17,"x":357,"y":284,"pixelRatio":1},"suitcase_11":{"width":17,"height":17,"x":374,"y":284,"pixelRatio":1},"suitcase_bn_11":{"width":17,"height":17,"x":391,"y":284,"pixelRatio":1},"surf_a_vela_11":{"width":17,"height":17,"x":408,"y":284,"pixelRatio":1},"surf_a_vela_bn_11":{"width":17,"height":17,"x":425,"y":284,"pixelRatio":1},"swimming_11":{"width":17,"height":17,"x":442,"y":284,"pixelRatio":1},"swimming_bn_11":{"width":17,"height":17,"x":459,"y":284,"pixelRatio":1},"taxi_11":{"width":17,"height":17,"x":476,"y":284,"pixelRatio":1},"taxi_bn_11":{"width":17,"height":17,"x":493,"y":284,"pixelRatio":1},"teleferic_11":{"width":17,"height":17,"x":510,"y":284,"pixelRatio":1},"teleferic_bn_11":{"width":17,"height":17,"x":527,"y":284,"pixelRatio":1},"theatre_11":{"width":17,"height":17,"x":544,"y":284,"pixelRatio":1},"theatre_bn_11":{"width":17,"height":17,"x":272,"y":301,"pixelRatio":1},"toilet_11":{"width":17,"height":17,"x":289,"y":301,"pixelRatio":1},"toilet_bn_11":{"width":17,"height":17,"x":306,"y":301,"pixelRatio":1},"torre_defensa_11":{"width":17,"height":17,"x":323,"y":301,"pixelRatio":1},"torre_defensa_bn_11":{"width":17,"height":17,"x":340,"y":301,"pixelRatio":1},"torre_guaita_1":{"width":17,"height":17,"x":357,"y":301,"pixelRatio":1},"town_hall_11":{"width":17,"height":17,"x":374,"y":301,"pixelRatio":1},"town_hall_bn_11":{"width":17,"height":17,"x":391,"y":301,"pixelRatio":1},"triangle_11":{"width":17,"height":17,"x":408,"y":301,"pixelRatio":1},"triangle_bn_11":{"width":17,"height":17,"x":425,"y":301,"pixelRatio":1},"triangle_stroked_11":{"width":17,"height":17,"x":442,"y":301,"pixelRatio":1},"triangle_stroked_bn_11":{"width":17,"height":17,"x":459,"y":301,"pixelRatio":1},"us-highway_1":{"width":17,"height":17,"x":476,"y":301,"pixelRatio":1},"us-highway_2":{"width":17,"height":17,"x":493,"y":301,"pixelRatio":1},"us-highway_3":{"width":21,"height":17,"x":510,"y":301,"pixelRatio":1},"us-interstate_1":{"width":17,"height":17,"x":531,"y":301,"pixelRatio":1},"us-interstate_2":{"width":17,"height":17,"x":548,"y":301,"pixelRatio":1},"us-interstate_3":{"width":21,"height":17,"x":272,"y":318,"pixelRatio":1},"vela_11":{"width":17,"height":17,"x":293,"y":318,"pixelRatio":1},"vela_bn_11":{"width":17,"height":17,"x":310,"y":318,"pixelRatio":1},"vertexs_11":{"width":17,"height":17,"x":327,"y":318,"pixelRatio":1},"vertexs_bn_11":{"width":17,"height":17,"x":344,"y":318,"pixelRatio":1},"vertexs_geodesic_11":{"width":17,"height":17,"x":361,"y":318,"pixelRatio":1},"veterinary_11":{"width":17,"height":17,"x":378,"y":318,"pixelRatio":1},"veterinary_bn_11":{"width":17,"height":17,"x":395,"y":318,"pixelRatio":1},"vista_panoramica_11":{"width":17,"height":17,"x":412,"y":318,"pixelRatio":1},"vista_panoramica_bn_11":{"width":17,"height":17,"x":429,"y":318,"pixelRatio":1},"volcano_11":{"width":17,"height":17,"x":446,"y":318,"pixelRatio":1},"volcano_bn_11":{"width":17,"height":17,"x":463,"y":318,"pixelRatio":1},"vols_globus_11":{"width":17,"height":17,"x":480,"y":318,"pixelRatio":1},"vols_globus_bn_11":{"width":17,"height":17,"x":497,"y":318,"pixelRatio":1},"xarxa_astronomica_11":{"width":17,"height":17,"x":514,"y":318,"pixelRatio":1},"zona_fruitera_11":{"width":17,"height":17,"x":531,"y":318,"pixelRatio":1},"zona_fruitera_bn_11":{"width":17,"height":17,"x":548,"y":318,"pixelRatio":1},"zoo_11":{"width":17,"height":17,"x":272,"y":335,"pixelRatio":1},"zoo_bn_11":{"width":17,"height":17,"x":289,"y":335,"pixelRatio":1},"boscos_mixtos":{"width":19,"height":16,"x":306,"y":335,"pixelRatio":1},"boscos_mixtos_bn":{"width":19,"height":16,"x":325,"y":335,"pixelRatio":1},"road_1":{"width":14,"height":14,"x":561,"y":182,"pixelRatio":1},"road_2":{"width":20,"height":14,"x":344,"y":335,"pixelRatio":1},"road_3":{"width":25,"height":14,"x":364,"y":335,"pixelRatio":1},"road_4":{"width":31,"height":14,"x":389,"y":335,"pixelRatio":1},"road_4_20":{"width":31,"height":14,"x":420,"y":335,"pixelRatio":1},"road_4_21":{"width":31,"height":14,"x":451,"y":335,"pixelRatio":1},"road_4_22":{"width":31,"height":14,"x":482,"y":335,"pixelRatio":1},"road_4_23":{"width":31,"height":14,"x":513,"y":335,"pixelRatio":1},"road_4_25":{"width":31,"height":14,"x":544,"y":335,"pixelRatio":1},"road_5":{"width":36,"height":14,"x":272,"y":352,"pixelRatio":1},"road_6":{"width":40,"height":14,"x":308,"y":352,"pixelRatio":1},"road_6_20":{"width":40,"height":14,"x":348,"y":352,"pixelRatio":1},"road_6_21":{"width":40,"height":14,"x":388,"y":352,"pixelRatio":1},"road_6_22":{"width":40,"height":14,"x":428,"y":352,"pixelRatio":1},"road_6_23":{"width":40,"height":14,"x":468,"y":352,"pixelRatio":1},"road_6_25":{"width":40,"height":14,"x":508,"y":352,"pixelRatio":1},"road_7":{"width":43,"height":14,"x":272,"y":369,"pixelRatio":1},"us-state_1":{"width":17,"height":14,"x":548,"y":352,"pixelRatio":1},"us-state_2":{"width":22,"height":14,"x":315,"y":369,"pixelRatio":1},"us-state_3":{"width":27,"height":14,"x":337,"y":369,"pixelRatio":1},"us-state_4":{"width":32,"height":14,"x":364,"y":369,"pixelRatio":1},"us-state_5":{"width":37,"height":14,"x":396,"y":369,"pixelRatio":1},"us-state_6":{"width":42,"height":14,"x":433,"y":369,"pixelRatio":1},"wave":{"width":16,"height":8,"x":475,"y":369,"pixelRatio":1},"canal":{"width":3,"height":3,"x":561,"y":199,"pixelRatio":1},"canal_bn":{"width":3,"height":3,"x":564,"y":199,"pixelRatio":1},"platja":{"width":3,"height":3,"x":567,"y":199,"pixelRatio":1},"platja_bn":{"width":3,"height":3,"x":570,"y":199,"pixelRatio":1},"rambla_inundable":{"width":3,"height":3,"x":573,"y":199,"pixelRatio":1},"rambla_inundable_bn":{"width":3,"height":3,"x":561,"y":216,"pixelRatio":1}}