{"wetland":{"width":45,"height":41,"x":0,"y":0,"pixelRatio":2},"wetland_bn":{"width":45,"height":41,"x":45,"y":0,"pixelRatio":2},"aerodrom_11":{"width":34,"height":34,"x":0,"y":41,"pixelRatio":2},"aerodrom_bn_11":{"width":34,"height":34,"x":34,"y":41,"pixelRatio":2},"aeroport_11":{"width":34,"height":34,"x":0,"y":75,"pixelRatio":2},"aeroport_bn_11":{"width":34,"height":34,"x":34,"y":75,"pixelRatio":2},"airfield_11":{"width":34,"height":34,"x":0,"y":109,"pixelRatio":2},"airfield_bn_11":{"width":34,"height":34,"x":34,"y":109,"pixelRatio":2},"airport_11":{"width":34,"height":34,"x":68,"y":41,"pixelRatio":2},"airport_bn_11":{"width":34,"height":34,"x":102,"y":41,"pixelRatio":2},"ajuntament_11":{"width":34,"height":34,"x":136,"y":41,"pixelRatio":2},"ajuntament_bn_11":{"width":34,"height":34,"x":68,"y":75,"pixelRatio":2},"alberg_internacional_11":{"width":34,"height":34,"x":102,"y":75,"pixelRatio":2},"alberg_internacional_bn_11":{"width":34,"height":34,"x":136,"y":75,"pixelRatio":2},"alcohol_shop_11":{"width":34,"height":34,"x":68,"y":109,"pixelRatio":2},"alcohol_shop_bn_11":{"width":34,"height":34,"x":102,"y":109,"pixelRatio":2},"allotjament_rural_11":{"width":34,"height":34,"x":136,"y":109,"pixelRatio":2},"allotjament_rural_bn_11":{"width":34,"height":34,"x":90,"y":0,"pixelRatio":2},"amusement_park_11":{"width":34,"height":34,"x":124,"y":0,"pixelRatio":2},"amusement_park_bn_11":{"width":34,"height":34,"x":0,"y":143,"pixelRatio":2},"aparcament_11":{"width":34,"height":34,"x":34,"y":143,"pixelRatio":2},"aparcament_autocaravanes_11":{"width":34,"height":34,"x":68,"y":143,"pixelRatio":2},"aparcament_autocaravanes_bn_11":{"width":34,"height":34,"x":102,"y":143,"pixelRatio":2},"aparcament_bn_11":{"width":34,"height":34,"x":136,"y":143,"pixelRatio":2},"apartament_turistic_11":{"width":34,"height":34,"x":0,"y":177,"pixelRatio":2},"apartament_turistic_bn_11":{"width":34,"height":34,"x":34,"y":177,"pixelRatio":2},"aquarium_11":{"width":34,"height":34,"x":68,"y":177,"pixelRatio":2},"aquarium_bn_11":{"width":34,"height":34,"x":102,"y":177,"pixelRatio":2},"arbre_monumental_11":{"width":34,"height":34,"x":136,"y":177,"pixelRatio":2},"arbre_monumental_bn_11":{"width":34,"height":34,"x":0,"y":211,"pixelRatio":2},"area_picnic_11":{"width":34,"height":34,"x":34,"y":211,"pixelRatio":2},"area_picnic_bn_11":{"width":34,"height":34,"x":68,"y":211,"pixelRatio":2},"art_gallery_11":{"width":34,"height":34,"x":102,"y":211,"pixelRatio":2},"art_gallery_bn_11":{"width":34,"height":34,"x":136,"y":211,"pixelRatio":2},"artesania_11":{"width":34,"height":34,"x":0,"y":245,"pixelRatio":2},"artesania_bn_11":{"width":34,"height":34,"x":34,"y":245,"pixelRatio":2},"asterisc_hotel-pensio_11":{"width":34,"height":34,"x":68,"y":245,"pixelRatio":2},"asterisc_hotel-pensio_bn_11":{"width":34,"height":34,"x":102,"y":245,"pixelRatio":2},"attraction_11":{"width":34,"height":34,"x":136,"y":245,"pixelRatio":2},"attraction_bn_11":{"width":34,"height":34,"x":0,"y":279,"pixelRatio":2},"avenc_11":{"width":34,"height":34,"x":34,"y":279,"pixelRatio":2},"avenc_bn_11":{"width":34,"height":34,"x":68,"y":279,"pixelRatio":2},"bakery_11":{"width":34,"height":34,"x":102,"y":279,"pixelRatio":2},"bakery_bn_11":{"width":34,"height":34,"x":136,"y":279,"pixelRatio":2},"balneari_11":{"width":34,"height":34,"x":170,"y":41,"pixelRatio":2},"balneari_bn_11":{"width":34,"height":34,"x":204,"y":41,"pixelRatio":2},"bank_11":{"width":34,"height":34,"x":238,"y":41,"pixelRatio":2},"bank_bn_11":{"width":34,"height":34,"x":272,"y":41,"pixelRatio":2},"bar_11":{"width":34,"height":34,"x":306,"y":41,"pixelRatio":2},"bar_bn_11":{"width":34,"height":34,"x":170,"y":75,"pixelRatio":2},"beer_11":{"width":34,"height":34,"x":204,"y":75,"pixelRatio":2},"beer_bn_11":{"width":34,"height":34,"x":238,"y":75,"pixelRatio":2},"bicycle_11":{"width":34,"height":34,"x":272,"y":75,"pixelRatio":2},"bicycle_bn_11":{"width":34,"height":34,"x":306,"y":75,"pixelRatio":2},"bicycle_rental_11":{"width":34,"height":34,"x":170,"y":109,"pixelRatio":2},"bicycle_rental_bn_11":{"width":34,"height":34,"x":204,"y":109,"pixelRatio":2},"bosc_destacat_11":{"width":34,"height":34,"x":238,"y":109,"pixelRatio":2},"bosc_destacat_bn_11":{"width":34,"height":34,"x":272,"y":109,"pixelRatio":2},"bossa_11":{"width":34,"height":34,"x":306,"y":109,"pixelRatio":2},"bossa_bn_11":{"width":34,"height":34,"x":170,"y":143,"pixelRatio":2},"bus_11":{"width":34,"height":34,"x":204,"y":143,"pixelRatio":2},"bus_bn_11":{"width":34,"height":34,"x":238,"y":143,"pixelRatio":2},"cabana_11":{"width":34,"height":34,"x":272,"y":143,"pixelRatio":2},"cabana_bn_11":{"width":34,"height":34,"x":306,"y":143,"pixelRatio":2},"cafe_11":{"width":34,"height":34,"x":170,"y":177,"pixelRatio":2},"cafe_bn_11":{"width":34,"height":34,"x":204,"y":177,"pixelRatio":2},"camping_11":{"width":34,"height":34,"x":238,"y":177,"pixelRatio":2},"camping_bn_11":{"width":34,"height":34,"x":272,"y":177,"pixelRatio":2},"campsite_11":{"width":34,"height":34,"x":306,"y":177,"pixelRatio":2},"campsite_bn_11":{"width":34,"height":34,"x":170,"y":211,"pixelRatio":2},"canoa_kaiac_11":{"width":34,"height":34,"x":204,"y":211,"pixelRatio":2},"canoa_kaiac_bn_11":{"width":34,"height":34,"x":238,"y":211,"pixelRatio":2},"car_11":{"width":34,"height":34,"x":272,"y":211,"pixelRatio":2},"car_bn_11":{"width":34,"height":34,"x":306,"y":211,"pixelRatio":2},"casino_11":{"width":34,"height":34,"x":170,"y":245,"pixelRatio":2},"casino_bn_11":{"width":34,"height":34,"x":204,"y":245,"pixelRatio":2},"castell_11":{"width":34,"height":34,"x":238,"y":245,"pixelRatio":2},"castell_bn_11":{"width":34,"height":34,"x":272,"y":245,"pixelRatio":2},"castle_11":{"width":34,"height":34,"x":306,"y":245,"pixelRatio":2},"castle_bn_11":{"width":34,"height":34,"x":170,"y":279,"pixelRatio":2},"celler_11":{"width":34,"height":34,"x":204,"y":279,"pixelRatio":2},"celler_bn_11":{"width":34,"height":34,"x":238,"y":279,"pixelRatio":2},"cemetery_11":{"width":34,"height":34,"x":272,"y":279,"pixelRatio":2},"cemetery_bn_11":{"width":34,"height":34,"x":306,"y":279,"pixelRatio":2},"centre_BTT_11":{"width":34,"height":34,"x":158,"y":0,"pixelRatio":2},"centre_BTT_bn_11":{"width":34,"height":34,"x":192,"y":0,"pixelRatio":2},"cinema_11":{"width":34,"height":34,"x":226,"y":0,"pixelRatio":2},"cinema_bn_11":{"width":34,"height":34,"x":260,"y":0,"pixelRatio":2},"circle_11":{"width":34,"height":34,"x":294,"y":0,"pixelRatio":2},"circle_blau_11":{"width":34,"height":34,"x":0,"y":313,"pixelRatio":2},"circle_blau_bn_11":{"width":34,"height":34,"x":34,"y":313,"pixelRatio":2},"circle_bn_11":{"width":34,"height":34,"x":68,"y":313,"pixelRatio":2},"circle_stroked_11":{"width":34,"height":34,"x":102,"y":313,"pixelRatio":2},"circle_stroked_blau_11":{"width":34,"height":34,"x":136,"y":313,"pixelRatio":2},"circle_stroked_blau_bn_11":{"width":34,"height":34,"x":170,"y":313,"pixelRatio":2},"circle_stroked_bn_11":{"width":34,"height":34,"x":204,"y":313,"pixelRatio":2},"claustre_11":{"width":34,"height":34,"x":238,"y":313,"pixelRatio":2},"claustre_bn_11":{"width":34,"height":34,"x":272,"y":313,"pixelRatio":2},"clothing_store_11":{"width":34,"height":34,"x":306,"y":313,"pixelRatio":2},"clothing_store_bn_11":{"width":34,"height":34,"x":0,"y":347,"pixelRatio":2},"college_11":{"width":34,"height":34,"x":34,"y":347,"pixelRatio":2},"college_bn_11":{"width":34,"height":34,"x":68,"y":347,"pixelRatio":2},"colonia_industrial_11":{"width":34,"height":34,"x":102,"y":347,"pixelRatio":2},"colonia_industrial_bn_11":{"width":34,"height":34,"x":136,"y":347,"pixelRatio":2},"conjunt_monumental_11":{"width":34,"height":34,"x":170,"y":347,"pixelRatio":2},"conjunt_monumental_bn_11":{"width":34,"height":34,"x":204,"y":347,"pixelRatio":2},"cova_11":{"width":34,"height":34,"x":238,"y":347,"pixelRatio":2},"cova_bn_11":{"width":34,"height":34,"x":272,"y":347,"pixelRatio":2},"cremallera_funicular_11":{"width":34,"height":34,"x":306,"y":347,"pixelRatio":2},"cremallera_funicular_bn_11":{"width":34,"height":34,"x":0,"y":381,"pixelRatio":2},"curiositat_natural_11":{"width":34,"height":34,"x":34,"y":381,"pixelRatio":2},"curiositat_natural_bn_11":{"width":34,"height":34,"x":68,"y":381,"pixelRatio":2},"denominacio_origen_cava_11":{"width":34,"height":34,"x":102,"y":381,"pixelRatio":2},"denominacio_origen_cava_bn_11":{"width":34,"height":34,"x":136,"y":381,"pixelRatio":2},"denominacio_origen_oli_11":{"width":34,"height":34,"x":170,"y":381,"pixelRatio":2},"denominacio_origen_oli_bn_11":{"width":34,"height":34,"x":204,"y":381,"pixelRatio":2},"denominacio_origen_vi_11":{"width":34,"height":34,"x":238,"y":381,"pixelRatio":2},"denominacio_origen_vi_bn_11":{"width":34,"height":34,"x":272,"y":381,"pixelRatio":2},"dentist_11":{"width":34,"height":34,"x":306,"y":381,"pixelRatio":2},"dentist_bn_11":{"width":34,"height":34,"x":0,"y":415,"pixelRatio":2},"doctor_11":{"width":34,"height":34,"x":34,"y":415,"pixelRatio":2},"doctor_bn_11":{"width":34,"height":34,"x":68,"y":415,"pixelRatio":2},"dog_park_11":{"width":34,"height":34,"x":102,"y":415,"pixelRatio":2},"dog_park_bn_11":{"width":34,"height":34,"x":136,"y":415,"pixelRatio":2},"drinking_water_11":{"width":34,"height":34,"x":170,"y":415,"pixelRatio":2},"drinking_water_bn_11":{"width":34,"height":34,"x":204,"y":415,"pixelRatio":2},"edifici_interes_11":{"width":34,"height":34,"x":238,"y":415,"pixelRatio":2},"edifici_interes_bn_11":{"width":34,"height":34,"x":272,"y":415,"pixelRatio":2},"element_interes_11":{"width":34,"height":34,"x":306,"y":415,"pixelRatio":2},"element_interes_bn_11":{"width":34,"height":34,"x":0,"y":449,"pixelRatio":2},"embassy_11":{"width":34,"height":34,"x":34,"y":449,"pixelRatio":2},"embassy_bn_11":{"width":34,"height":34,"x":68,"y":449,"pixelRatio":2},"entrance_11":{"width":34,"height":34,"x":102,"y":449,"pixelRatio":2},"entrance_bn_11":{"width":34,"height":34,"x":136,"y":449,"pixelRatio":2},"equipament_educatiu_11":{"width":34,"height":34,"x":170,"y":449,"pixelRatio":2},"equipament_educatiu_bn_11":{"width":34,"height":34,"x":204,"y":449,"pixelRatio":2},"esglesia_11":{"width":34,"height":34,"x":238,"y":449,"pixelRatio":2},"esglesia_bn_11":{"width":34,"height":34,"x":272,"y":449,"pixelRatio":2},"espai_natural_1_11":{"width":34,"height":34,"x":306,"y":449,"pixelRatio":2},"espai_natural_1_bn_11":{"width":34,"height":34,"x":0,"y":483,"pixelRatio":2},"espai_natural_2_11":{"width":34,"height":34,"x":34,"y":483,"pixelRatio":2},"espai_natural_2_bn_11":{"width":34,"height":34,"x":68,"y":483,"pixelRatio":2},"esqui_de_fons_11":{"width":34,"height":34,"x":102,"y":483,"pixelRatio":2},"esqui_de_fons_bn_11":{"width":34,"height":34,"x":136,"y":483,"pixelRatio":2},"estacio_esqui_11":{"width":34,"height":34,"x":170,"y":483,"pixelRatio":2},"estacio_esqui_bn_11":{"width":34,"height":34,"x":204,"y":483,"pixelRatio":2},"estacio_ffcc_11":{"width":34,"height":34,"x":238,"y":483,"pixelRatio":2},"estacio_ffcc_bn_11":{"width":34,"height":34,"x":272,"y":483,"pixelRatio":2},"estrelles_hostal_pensio_11":{"width":34,"height":34,"x":306,"y":483,"pixelRatio":2},"estrelles_hostal_pensio_bn_11":{"width":34,"height":34,"x":0,"y":517,"pixelRatio":2},"estrelles_hotel_11":{"width":34,"height":34,"x":34,"y":517,"pixelRatio":2},"estrelles_hotel_bn_11":{"width":34,"height":34,"x":68,"y":517,"pixelRatio":2},"far_11":{"width":34,"height":34,"x":102,"y":517,"pixelRatio":2},"far_bn_11":{"width":34,"height":34,"x":136,"y":517,"pixelRatio":2},"fast_food_11":{"width":34,"height":34,"x":170,"y":517,"pixelRatio":2},"fast_food_bn_11":{"width":34,"height":34,"x":204,"y":517,"pixelRatio":2},"ferry_terminal_11":{"width":34,"height":34,"x":238,"y":517,"pixelRatio":2},"ferry_terminal_bn_11":{"width":34,"height":34,"x":272,"y":517,"pixelRatio":2},"fire_station_11":{"width":34,"height":34,"x":306,"y":517,"pixelRatio":2},"fire_station_bn_11":{"width":34,"height":34,"x":0,"y":551,"pixelRatio":2},"fletxa-BTT_11":{"width":34,"height":34,"x":34,"y":551,"pixelRatio":2},"fletxa-BTT_b_11":{"width":34,"height":34,"x":68,"y":551,"pixelRatio":2},"fletxa-BTT_b_bn_11":{"width":34,"height":34,"x":102,"y":551,"pixelRatio":2},"fletxa-BTT_bn_11":{"width":34,"height":34,"x":136,"y":551,"pixelRatio":2},"font_11":{"width":34,"height":34,"x":170,"y":551,"pixelRatio":2},"font_bn_11":{"width":34,"height":34,"x":204,"y":551,"pixelRatio":2},"fuel_11":{"width":34,"height":34,"x":238,"y":551,"pixelRatio":2},"fuel_bn_11":{"width":34,"height":34,"x":272,"y":551,"pixelRatio":2},"garden_11":{"width":34,"height":34,"x":306,"y":551,"pixelRatio":2},"garden_bn_11":{"width":34,"height":34,"x":0,"y":585,"pixelRatio":2},"gastronomia_11":{"width":34,"height":34,"x":34,"y":585,"pixelRatio":2},"gastronomia_bn_11":{"width":34,"height":34,"x":68,"y":585,"pixelRatio":2},"golf_11":{"width":34,"height":34,"x":102,"y":585,"pixelRatio":2},"golf_bn_11":{"width":34,"height":34,"x":136,"y":585,"pixelRatio":2},"grocery_11":{"width":34,"height":34,"x":170,"y":585,"pixelRatio":2},"grocery_bn_11":{"width":34,"height":34,"x":204,"y":585,"pixelRatio":2},"harbor_11":{"width":34,"height":34,"x":238,"y":585,"pixelRatio":2},"harbor_bn_11":{"width":34,"height":34,"x":272,"y":585,"pixelRatio":2},"heliport_11":{"width":34,"height":34,"x":306,"y":585,"pixelRatio":2},"heliport_bn_11":{"width":34,"height":34,"x":0,"y":619,"pixelRatio":2},"hipica_11":{"width":34,"height":34,"x":34,"y":619,"pixelRatio":2},"hipica_bn_11":{"width":34,"height":34,"x":68,"y":619,"pixelRatio":2},"hospital_11":{"width":34,"height":34,"x":102,"y":619,"pixelRatio":2},"hospital_bn_11":{"width":34,"height":34,"x":136,"y":619,"pixelRatio":2},"hostal_pensio_11":{"width":34,"height":34,"x":170,"y":619,"pixelRatio":2},"hostal_pensio_bn_11":{"width":34,"height":34,"x":204,"y":619,"pixelRatio":2},"hotel_11":{"width":34,"height":34,"x":238,"y":619,"pixelRatio":2},"hotel_bn_11":{"width":34,"height":34,"x":272,"y":619,"pixelRatio":2},"ice_cream_11":{"width":34,"height":34,"x":306,"y":619,"pixelRatio":2},"ice_cream_bn_11":{"width":34,"height":34,"x":340,"y":41,"pixelRatio":2},"informacio_parc_11":{"width":34,"height":34,"x":374,"y":41,"pixelRatio":2},"informacio_parc_bn_11":{"width":34,"height":34,"x":408,"y":41,"pixelRatio":2},"information_11":{"width":34,"height":34,"x":442,"y":41,"pixelRatio":2},"information_bn_11":{"width":34,"height":34,"x":476,"y":41,"pixelRatio":2},"itinerari_adaptat_11":{"width":34,"height":34,"x":510,"y":41,"pixelRatio":2},"itinerari_adaptat_bn_11":{"width":34,"height":34,"x":544,"y":41,"pixelRatio":2},"laundry_11":{"width":34,"height":34,"x":578,"y":41,"pixelRatio":2},"laundry_bn_11":{"width":34,"height":34,"x":612,"y":41,"pixelRatio":2},"library_11":{"width":34,"height":34,"x":646,"y":41,"pixelRatio":2},"library_11_":{"width":34,"height":34,"x":680,"y":41,"pixelRatio":2},"library_bn_11":{"width":34,"height":34,"x":340,"y":75,"pixelRatio":2},"lodging_11":{"width":34,"height":34,"x":374,"y":75,"pixelRatio":2},"lodging_bn_11":{"width":34,"height":34,"x":408,"y":75,"pixelRatio":2},"marker_11":{"width":34,"height":34,"x":442,"y":75,"pixelRatio":2},"marker_bn_11":{"width":34,"height":34,"x":476,"y":75,"pixelRatio":2},"megalit-dolmen_11":{"width":34,"height":34,"x":510,"y":75,"pixelRatio":2},"megalit-dolmen_bn_11":{"width":34,"height":34,"x":544,"y":75,"pixelRatio":2},"modernisme_1_11":{"width":34,"height":34,"x":578,"y":75,"pixelRatio":2},"modernisme_1_bn_11":{"width":34,"height":34,"x":612,"y":75,"pixelRatio":2},"modernisme_2_11":{"width":34,"height":34,"x":646,"y":75,"pixelRatio":2},"modernisme_2_bn_11":{"width":34,"height":34,"x":680,"y":75,"pixelRatio":2},"monestir_11":{"width":34,"height":34,"x":340,"y":109,"pixelRatio":2},"monestir_bn_11":{"width":34,"height":34,"x":374,"y":109,"pixelRatio":2},"monument-1_11":{"width":34,"height":34,"x":408,"y":109,"pixelRatio":2},"monument-1_bn_11":{"width":34,"height":34,"x":442,"y":109,"pixelRatio":2},"monument-4_11":{"width":34,"height":34,"x":476,"y":109,"pixelRatio":2},"monument-4_bn_11":{"width":34,"height":34,"x":510,"y":109,"pixelRatio":2},"monument_11":{"width":34,"height":34,"x":544,"y":109,"pixelRatio":2},"monument_bn_11":{"width":34,"height":34,"x":578,"y":109,"pixelRatio":2},"mountain_11":{"width":34,"height":34,"x":612,"y":109,"pixelRatio":2},"mountain_bn_11":{"width":34,"height":34,"x":646,"y":109,"pixelRatio":2},"museu_11":{"width":34,"height":34,"x":680,"y":109,"pixelRatio":2},"museu_bn_11":{"width":34,"height":34,"x":340,"y":143,"pixelRatio":2},"museum_11":{"width":34,"height":34,"x":374,"y":143,"pixelRatio":2},"museum_bn_11":{"width":34,"height":34,"x":408,"y":143,"pixelRatio":2},"music_11":{"width":34,"height":34,"x":442,"y":143,"pixelRatio":2},"music_bn_11":{"width":34,"height":34,"x":476,"y":143,"pixelRatio":2},"observatori_fauna_11":{"width":34,"height":34,"x":510,"y":143,"pixelRatio":2},"observatori_fauna_bn_11":{"width":34,"height":34,"x":544,"y":143,"pixelRatio":2},"paracaigudisme_11":{"width":34,"height":34,"x":578,"y":143,"pixelRatio":2},"paracaigudisme_bn_11":{"width":34,"height":34,"x":612,"y":143,"pixelRatio":2},"parada_autobus_11":{"width":34,"height":34,"x":646,"y":143,"pixelRatio":2},"parada_autobus_bn_11":{"width":34,"height":34,"x":680,"y":143,"pixelRatio":2},"parc_jardi_botanic_11":{"width":34,"height":34,"x":340,"y":177,"pixelRatio":2},"parc_jardi_botanic_bn_11":{"width":34,"height":34,"x":374,"y":177,"pixelRatio":2},"parc_tematic_11":{"width":34,"height":34,"x":408,"y":177,"pixelRatio":2},"parc_tematic_bn_11":{"width":34,"height":34,"x":442,"y":177,"pixelRatio":2},"park_11":{"width":34,"height":34,"x":476,"y":177,"pixelRatio":2},"park_bn_11":{"width":34,"height":34,"x":510,"y":177,"pixelRatio":2},"patrimoni_industrial_11":{"width":34,"height":34,"x":544,"y":177,"pixelRatio":2},"patrimoni_industrial_bn_11":{"width":34,"height":34,"x":578,"y":177,"pixelRatio":2},"pharmacy_11":{"width":34,"height":34,"x":612,"y":177,"pixelRatio":2},"pharmacy_bn_11":{"width":34,"height":34,"x":646,"y":177,"pixelRatio":2},"pic_11":{"width":34,"height":34,"x":680,"y":177,"pixelRatio":2},"pic_bn_11":{"width":34,"height":34,"x":340,"y":211,"pixelRatio":2},"picnic_site_11":{"width":34,"height":34,"x":374,"y":211,"pixelRatio":2},"picnic_site_bn_11":{"width":34,"height":34,"x":408,"y":211,"pixelRatio":2},"place_of_worship_11":{"width":34,"height":34,"x":442,"y":211,"pixelRatio":2},"place_of_worship_bn_11":{"width":34,"height":34,"x":476,"y":211,"pixelRatio":2},"playground_11":{"width":34,"height":34,"x":510,"y":211,"pixelRatio":2},"playground_bn_11":{"width":34,"height":34,"x":544,"y":211,"pixelRatio":2},"police_11":{"width":34,"height":34,"x":578,"y":211,"pixelRatio":2},"police_bn_11":{"width":34,"height":34,"x":612,"y":211,"pixelRatio":2},"policia_11":{"width":34,"height":34,"x":646,"y":211,"pixelRatio":2},"policia_bn_11":{"width":34,"height":34,"x":680,"y":211,"pixelRatio":2},"pont_11":{"width":34,"height":34,"x":340,"y":245,"pixelRatio":2},"pont_bn_11":{"width":34,"height":34,"x":374,"y":245,"pixelRatio":2},"port_esportiu_11":{"width":34,"height":34,"x":408,"y":245,"pixelRatio":2},"port_esportiu_bn_11":{"width":34,"height":34,"x":442,"y":245,"pixelRatio":2},"port_estacio_maritima_11":{"width":34,"height":34,"x":476,"y":245,"pixelRatio":2},"port_estacio_maritima_bn_11":{"width":34,"height":34,"x":510,"y":245,"pixelRatio":2},"post_11":{"width":34,"height":34,"x":544,"y":245,"pixelRatio":2},"post_bn_11":{"width":34,"height":34,"x":578,"y":245,"pixelRatio":2},"prison_11":{"width":34,"height":34,"x":612,"y":245,"pixelRatio":2},"prison_bn_11":{"width":34,"height":34,"x":646,"y":245,"pixelRatio":2},"punt_informacio_11":{"width":34,"height":34,"x":680,"y":245,"pixelRatio":2},"punt_informacio_bn_11":{"width":34,"height":34,"x":340,"y":279,"pixelRatio":2},"rail_light_11":{"width":34,"height":34,"x":374,"y":279,"pixelRatio":2},"rail_light_bn_11":{"width":34,"height":34,"x":408,"y":279,"pixelRatio":2},"rail_metro_11":{"width":34,"height":34,"x":442,"y":279,"pixelRatio":2},"rail_metro_bn_11":{"width":34,"height":34,"x":476,"y":279,"pixelRatio":2},"railway_11":{"width":34,"height":34,"x":510,"y":279,"pixelRatio":2},"railway_bn_11":{"width":34,"height":34,"x":544,"y":279,"pixelRatio":2},"refugi_amb_clau_11":{"width":34,"height":34,"x":578,"y":279,"pixelRatio":2},"refugi_amb_clau_bn_11":{"width":34,"height":34,"x":612,"y":279,"pixelRatio":2},"refugi_amb_guarda_11":{"width":34,"height":34,"x":646,"y":279,"pixelRatio":2},"refugi_amb_guarda_bn_11":{"width":34,"height":34,"x":680,"y":279,"pixelRatio":2},"refugi_sense_guarda_11":{"width":34,"height":34,"x":340,"y":313,"pixelRatio":2},"refugi_sense_guarda_bn_11":{"width":34,"height":34,"x":374,"y":313,"pixelRatio":2},"religious_christian_11":{"width":34,"height":34,"x":408,"y":313,"pixelRatio":2},"religious_christian_bn_11":{"width":34,"height":34,"x":442,"y":313,"pixelRatio":2},"religious_jewish_11":{"width":34,"height":34,"x":476,"y":313,"pixelRatio":2},"religious_jewish_bn_11":{"width":34,"height":34,"x":510,"y":313,"pixelRatio":2},"religious_muslim_11":{"width":34,"height":34,"x":544,"y":313,"pixelRatio":2},"religious_muslim_bn_11":{"width":34,"height":34,"x":578,"y":313,"pixelRatio":2},"rem_11":{"width":34,"height":34,"x":612,"y":313,"pixelRatio":2},"rem_bn_11":{"width":34,"height":34,"x":646,"y":313,"pixelRatio":2},"restaurant_11":{"width":34,"height":34,"x":680,"y":313,"pixelRatio":2},"restaurant_bn_11":{"width":34,"height":34,"x":340,"y":347,"pixelRatio":2},"restes_histoarque_11":{"width":34,"height":34,"x":374,"y":347,"pixelRatio":2},"restes_histoarque_bn_11":{"width":34,"height":34,"x":408,"y":347,"pixelRatio":2},"riu_navegable_11":{"width":34,"height":34,"x":442,"y":347,"pixelRatio":2},"riu_navegable_bn_11":{"width":34,"height":34,"x":476,"y":347,"pixelRatio":2},"rocket_11":{"width":34,"height":34,"x":510,"y":347,"pixelRatio":2},"rocket_bn_11":{"width":34,"height":34,"x":544,"y":347,"pixelRatio":2},"salt_aigua_11":{"width":34,"height":34,"x":578,"y":347,"pixelRatio":2},"salt_aigua_bn_11":{"width":34,"height":34,"x":612,"y":347,"pixelRatio":2},"school_11":{"width":34,"height":34,"x":646,"y":347,"pixelRatio":2},"school_bn_11":{"width":34,"height":34,"x":680,"y":347,"pixelRatio":2},"senderisme_11":{"width":34,"height":34,"x":340,"y":381,"pixelRatio":2},"senderisme_bn_11":{"width":34,"height":34,"x":374,"y":381,"pixelRatio":2},"shop_11":{"width":34,"height":34,"x":408,"y":381,"pixelRatio":2},"shop_bn_11":{"width":34,"height":34,"x":442,"y":381,"pixelRatio":2},"stadium_11":{"width":34,"height":34,"x":476,"y":381,"pixelRatio":2},"stadium_2_11":{"width":34,"height":34,"x":510,"y":381,"pixelRatio":2},"stadium_2_bn_11":{"width":34,"height":34,"x":544,"y":381,"pixelRatio":2},"stadium_3_11":{"width":34,"height":34,"x":578,"y":381,"pixelRatio":2},"stadium_3_bn_11":{"width":34,"height":34,"x":612,"y":381,"pixelRatio":2},"stadium_4_11":{"width":34,"height":34,"x":646,"y":381,"pixelRatio":2},"stadium_4_bn_11":{"width":34,"height":34,"x":680,"y":381,"pixelRatio":2},"stadium_bn_11":{"width":34,"height":34,"x":340,"y":415,"pixelRatio":2},"star_11":{"width":34,"height":34,"x":374,"y":415,"pixelRatio":2},"star_bn_11":{"width":34,"height":34,"x":408,"y":415,"pixelRatio":2},"submarinisme_11":{"width":34,"height":34,"x":442,"y":415,"pixelRatio":2},"submarinisme_bn_11":{"width":34,"height":34,"x":476,"y":415,"pixelRatio":2},"suitcase-1_11":{"width":34,"height":34,"x":510,"y":415,"pixelRatio":2},"suitcase-1_bn_11":{"width":34,"height":34,"x":544,"y":415,"pixelRatio":2},"suitcase_11":{"width":34,"height":34,"x":578,"y":415,"pixelRatio":2},"suitcase_bn_11":{"width":34,"height":34,"x":612,"y":415,"pixelRatio":2},"surf_a_vela_11":{"width":34,"height":34,"x":646,"y":415,"pixelRatio":2},"surf_a_vela_bn_11":{"width":34,"height":34,"x":680,"y":415,"pixelRatio":2},"swimming_11":{"width":34,"height":34,"x":340,"y":449,"pixelRatio":2},"swimming_bn_11":{"width":34,"height":34,"x":374,"y":449,"pixelRatio":2},"taxi_11":{"width":34,"height":34,"x":408,"y":449,"pixelRatio":2},"taxi_bn_11":{"width":34,"height":34,"x":442,"y":449,"pixelRatio":2},"teleferic_11":{"width":34,"height":34,"x":476,"y":449,"pixelRatio":2},"teleferic_bn_11":{"width":34,"height":34,"x":510,"y":449,"pixelRatio":2},"theatre_11":{"width":34,"height":34,"x":544,"y":449,"pixelRatio":2},"theatre_bn_11":{"width":34,"height":34,"x":578,"y":449,"pixelRatio":2},"toilet_11":{"width":34,"height":34,"x":612,"y":449,"pixelRatio":2},"toilet_bn_11":{"width":34,"height":34,"x":646,"y":449,"pixelRatio":2},"torre_defensa_11":{"width":34,"height":34,"x":680,"y":449,"pixelRatio":2},"torre_defensa_bn_11":{"width":34,"height":34,"x":340,"y":483,"pixelRatio":2},"town_hall_11":{"width":34,"height":34,"x":374,"y":483,"pixelRatio":2},"town_hall_bn_11":{"width":34,"height":34,"x":408,"y":483,"pixelRatio":2},"triangle_11":{"width":34,"height":34,"x":442,"y":483,"pixelRatio":2},"triangle_bn_11":{"width":34,"height":34,"x":476,"y":483,"pixelRatio":2},"triangle_stroked_11":{"width":34,"height":34,"x":510,"y":483,"pixelRatio":2},"triangle_stroked_bn_11":{"width":34,"height":34,"x":544,"y":483,"pixelRatio":2},"us-highway_1":{"width":34,"height":34,"x":578,"y":483,"pixelRatio":2},"us-highway_2":{"width":34,"height":34,"x":612,"y":483,"pixelRatio":2},"us-highway_3":{"width":42,"height":34,"x":646,"y":483,"pixelRatio":2},"us-interstate_1":{"width":34,"height":34,"x":340,"y":517,"pixelRatio":2},"us-interstate_2":{"width":34,"height":34,"x":374,"y":517,"pixelRatio":2},"us-interstate_3":{"width":42,"height":34,"x":408,"y":517,"pixelRatio":2},"vela_11":{"width":34,"height":34,"x":450,"y":517,"pixelRatio":2},"vela_bn_11":{"width":34,"height":34,"x":484,"y":517,"pixelRatio":2},"vertexs_11":{"width":34,"height":34,"x":518,"y":517,"pixelRatio":2},"vertexs_bn_11":{"width":34,"height":34,"x":552,"y":517,"pixelRatio":2},"veterinary_11":{"width":34,"height":34,"x":586,"y":517,"pixelRatio":2},"veterinary_bn_11":{"width":34,"height":34,"x":620,"y":517,"pixelRatio":2},"vista_panoramica_11":{"width":34,"height":34,"x":654,"y":517,"pixelRatio":2},"vista_panoramica_bn_11":{"width":34,"height":34,"x":340,"y":551,"pixelRatio":2},"volcano_11":{"width":34,"height":34,"x":374,"y":551,"pixelRatio":2},"volcano_bn_11":{"width":34,"height":34,"x":408,"y":551,"pixelRatio":2},"vols_globus_11":{"width":34,"height":34,"x":442,"y":551,"pixelRatio":2},"vols_globus_bn_11":{"width":34,"height":34,"x":476,"y":551,"pixelRatio":2},"zona_fruitera_11":{"width":34,"height":34,"x":510,"y":551,"pixelRatio":2},"zona_fruitera_bn_11":{"width":34,"height":34,"x":544,"y":551,"pixelRatio":2},"zoo_11":{"width":34,"height":34,"x":578,"y":551,"pixelRatio":2},"zoo_bn_11":{"width":34,"height":34,"x":612,"y":551,"pixelRatio":2},"road_1":{"width":28,"height":28,"x":688,"y":483,"pixelRatio":2},"road_2":{"width":40,"height":28,"x":646,"y":551,"pixelRatio":2},"road_3":{"width":51,"height":28,"x":340,"y":585,"pixelRatio":2},"road_4":{"width":62,"height":28,"x":391,"y":585,"pixelRatio":2},"road_4_20":{"width":62,"height":28,"x":453,"y":585,"pixelRatio":2},"road_4_21":{"width":62,"height":28,"x":515,"y":585,"pixelRatio":2},"road_4_22":{"width":62,"height":28,"x":577,"y":585,"pixelRatio":2},"road_4_23":{"width":62,"height":28,"x":639,"y":585,"pixelRatio":2},"road_4_25":{"width":62,"height":28,"x":340,"y":619,"pixelRatio":2},"road_5":{"width":72,"height":28,"x":402,"y":619,"pixelRatio":2},"road_6":{"width":80,"height":28,"x":474,"y":619,"pixelRatio":2},"road_6_20":{"width":80,"height":28,"x":554,"y":619,"pixelRatio":2},"road_6_21":{"width":80,"height":28,"x":634,"y":619,"pixelRatio":2},"road_6_22":{"width":80,"height":28,"x":328,"y":0,"pixelRatio":2},"road_6_23":{"width":80,"height":28,"x":408,"y":0,"pixelRatio":2},"road_6_25":{"width":80,"height":28,"x":488,"y":0,"pixelRatio":2},"road_7":{"width":87,"height":28,"x":568,"y":0,"pixelRatio":2},"us-state_1":{"width":34,"height":28,"x":686,"y":551,"pixelRatio":2},"us-state_2":{"width":44,"height":28,"x":655,"y":0,"pixelRatio":2},"us-state_3":{"width":54,"height":28,"x":0,"y":653,"pixelRatio":2},"us-state_4":{"width":64,"height":28,"x":54,"y":653,"pixelRatio":2},"us-state_5":{"width":74,"height":28,"x":118,"y":653,"pixelRatio":2},"us-state_6":{"width":84,"height":28,"x":192,"y":653,"pixelRatio":2},"wave":{"width":32,"height":16,"x":276,"y":653,"pixelRatio":2},"canal":{"width":6,"height":7,"x":308,"y":653,"pixelRatio":2},"canal_bn":{"width":6,"height":7,"x":314,"y":653,"pixelRatio":2}}