{"wetland":{"width":22,"height":20,"x":0,"y":0,"pixelRatio":1},"wetland_bn":{"width":22,"height":20,"x":22,"y":0,"pixelRatio":1},"aerodrom_11":{"width":17,"height":17,"x":0,"y":20,"pixelRatio":1},"aerodrom_bn_11":{"width":17,"height":17,"x":17,"y":20,"pixelRatio":1},"aeroport_11":{"width":17,"height":17,"x":0,"y":37,"pixelRatio":1},"aeroport_bn_11":{"width":17,"height":17,"x":17,"y":37,"pixelRatio":1},"airfield_11":{"width":17,"height":17,"x":0,"y":54,"pixelRatio":1},"airfield_bn_11":{"width":17,"height":17,"x":17,"y":54,"pixelRatio":1},"airport_11":{"width":17,"height":17,"x":34,"y":20,"pixelRatio":1},"airport_bn_11":{"width":17,"height":17,"x":51,"y":20,"pixelRatio":1},"ajuntament_11":{"width":17,"height":17,"x":68,"y":20,"pixelRatio":1},"ajuntament_bn_11":{"width":17,"height":17,"x":34,"y":37,"pixelRatio":1},"alberg_internacional_11":{"width":17,"height":17,"x":51,"y":37,"pixelRatio":1},"alberg_internacional_bn_11":{"width":17,"height":17,"x":68,"y":37,"pixelRatio":1},"alcohol_shop_11":{"width":17,"height":17,"x":34,"y":54,"pixelRatio":1},"alcohol_shop_bn_11":{"width":17,"height":17,"x":51,"y":54,"pixelRatio":1},"allotjament_rural_11":{"width":17,"height":17,"x":68,"y":54,"pixelRatio":1},"allotjament_rural_bn_11":{"width":17,"height":17,"x":44,"y":0,"pixelRatio":1},"amusement_park_11":{"width":17,"height":17,"x":61,"y":0,"pixelRatio":1},"amusement_park_bn_11":{"width":17,"height":17,"x":0,"y":71,"pixelRatio":1},"aparcament_11":{"width":17,"height":17,"x":17,"y":71,"pixelRatio":1},"aparcament_autocaravanes_11":{"width":17,"height":17,"x":34,"y":71,"pixelRatio":1},"aparcament_autocaravanes_bn_11":{"width":17,"height":17,"x":51,"y":71,"pixelRatio":1},"aparcament_bn_11":{"width":17,"height":17,"x":68,"y":71,"pixelRatio":1},"apartament_turistic_11":{"width":17,"height":17,"x":0,"y":88,"pixelRatio":1},"apartament_turistic_bn_11":{"width":17,"height":17,"x":17,"y":88,"pixelRatio":1},"aquarium_11":{"width":17,"height":17,"x":34,"y":88,"pixelRatio":1},"aquarium_bn_11":{"width":17,"height":17,"x":51,"y":88,"pixelRatio":1},"arbre_monumental_11":{"width":17,"height":17,"x":68,"y":88,"pixelRatio":1},"arbre_monumental_bn_11":{"width":17,"height":17,"x":0,"y":105,"pixelRatio":1},"area_picnic_11":{"width":17,"height":17,"x":17,"y":105,"pixelRatio":1},"area_picnic_bn_11":{"width":17,"height":17,"x":34,"y":105,"pixelRatio":1},"art_gallery_11":{"width":17,"height":17,"x":51,"y":105,"pixelRatio":1},"art_gallery_bn_11":{"width":17,"height":17,"x":68,"y":105,"pixelRatio":1},"artesania_11":{"width":17,"height":17,"x":0,"y":122,"pixelRatio":1},"artesania_bn_11":{"width":17,"height":17,"x":17,"y":122,"pixelRatio":1},"asterisc_hotel-pensio_11":{"width":17,"height":17,"x":34,"y":122,"pixelRatio":1},"asterisc_hotel-pensio_bn_11":{"width":17,"height":17,"x":51,"y":122,"pixelRatio":1},"attraction_11":{"width":17,"height":17,"x":68,"y":122,"pixelRatio":1},"attraction_bn_11":{"width":17,"height":17,"x":0,"y":139,"pixelRatio":1},"avenc_11":{"width":17,"height":17,"x":17,"y":139,"pixelRatio":1},"avenc_bn_11":{"width":17,"height":17,"x":34,"y":139,"pixelRatio":1},"bakery_11":{"width":17,"height":17,"x":51,"y":139,"pixelRatio":1},"bakery_bn_11":{"width":17,"height":17,"x":68,"y":139,"pixelRatio":1},"balneari_11":{"width":17,"height":17,"x":85,"y":20,"pixelRatio":1},"balneari_bn_11":{"width":17,"height":17,"x":102,"y":20,"pixelRatio":1},"bank_11":{"width":17,"height":17,"x":119,"y":20,"pixelRatio":1},"bank_bn_11":{"width":17,"height":17,"x":136,"y":20,"pixelRatio":1},"bar_11":{"width":17,"height":17,"x":153,"y":20,"pixelRatio":1},"bar_bn_11":{"width":17,"height":17,"x":85,"y":37,"pixelRatio":1},"beer_11":{"width":17,"height":17,"x":102,"y":37,"pixelRatio":1},"beer_bn_11":{"width":17,"height":17,"x":119,"y":37,"pixelRatio":1},"bicycle_11":{"width":17,"height":17,"x":136,"y":37,"pixelRatio":1},"bicycle_bn_11":{"width":17,"height":17,"x":153,"y":37,"pixelRatio":1},"bicycle_rental_11":{"width":17,"height":17,"x":85,"y":54,"pixelRatio":1},"bicycle_rental_bn_11":{"width":17,"height":17,"x":102,"y":54,"pixelRatio":1},"bosc_destacat_11":{"width":17,"height":17,"x":119,"y":54,"pixelRatio":1},"bosc_destacat_bn_11":{"width":17,"height":17,"x":136,"y":54,"pixelRatio":1},"bossa_11":{"width":17,"height":17,"x":153,"y":54,"pixelRatio":1},"bossa_bn_11":{"width":17,"height":17,"x":85,"y":71,"pixelRatio":1},"bus_11":{"width":17,"height":17,"x":102,"y":71,"pixelRatio":1},"bus_bn_11":{"width":17,"height":17,"x":119,"y":71,"pixelRatio":1},"cabana_11":{"width":17,"height":17,"x":136,"y":71,"pixelRatio":1},"cabana_bn_11":{"width":17,"height":17,"x":153,"y":71,"pixelRatio":1},"cafe_11":{"width":17,"height":17,"x":85,"y":88,"pixelRatio":1},"cafe_bn_11":{"width":17,"height":17,"x":102,"y":88,"pixelRatio":1},"camping_11":{"width":17,"height":17,"x":119,"y":88,"pixelRatio":1},"camping_bn_11":{"width":17,"height":17,"x":136,"y":88,"pixelRatio":1},"campsite_11":{"width":17,"height":17,"x":153,"y":88,"pixelRatio":1},"campsite_bn_11":{"width":17,"height":17,"x":85,"y":105,"pixelRatio":1},"canoa_kaiac_11":{"width":17,"height":17,"x":102,"y":105,"pixelRatio":1},"canoa_kaiac_bn_11":{"width":17,"height":17,"x":119,"y":105,"pixelRatio":1},"car_11":{"width":17,"height":17,"x":136,"y":105,"pixelRatio":1},"car_bn_11":{"width":17,"height":17,"x":153,"y":105,"pixelRatio":1},"casino_11":{"width":17,"height":17,"x":85,"y":122,"pixelRatio":1},"casino_bn_11":{"width":17,"height":17,"x":102,"y":122,"pixelRatio":1},"castell_11":{"width":17,"height":17,"x":119,"y":122,"pixelRatio":1},"castell_bn_11":{"width":17,"height":17,"x":136,"y":122,"pixelRatio":1},"castle_11":{"width":17,"height":17,"x":153,"y":122,"pixelRatio":1},"castle_bn_11":{"width":17,"height":17,"x":85,"y":139,"pixelRatio":1},"celler_11":{"width":17,"height":17,"x":102,"y":139,"pixelRatio":1},"celler_bn_11":{"width":17,"height":17,"x":119,"y":139,"pixelRatio":1},"cemetery_11":{"width":17,"height":17,"x":136,"y":139,"pixelRatio":1},"cemetery_bn_11":{"width":17,"height":17,"x":153,"y":139,"pixelRatio":1},"centre_BTT_11":{"width":17,"height":17,"x":78,"y":0,"pixelRatio":1},"centre_BTT_bn_11":{"width":17,"height":17,"x":95,"y":0,"pixelRatio":1},"cinema_11":{"width":17,"height":17,"x":112,"y":0,"pixelRatio":1},"cinema_bn_11":{"width":17,"height":17,"x":129,"y":0,"pixelRatio":1},"circle_11":{"width":17,"height":17,"x":146,"y":0,"pixelRatio":1},"circle_blau_11":{"width":17,"height":17,"x":0,"y":156,"pixelRatio":1},"circle_blau_bn_11":{"width":17,"height":17,"x":17,"y":156,"pixelRatio":1},"circle_bn_11":{"width":17,"height":17,"x":34,"y":156,"pixelRatio":1},"circle_stroked_11":{"width":17,"height":17,"x":51,"y":156,"pixelRatio":1},"circle_stroked_blau_11":{"width":17,"height":17,"x":68,"y":156,"pixelRatio":1},"circle_stroked_blau_bn_11":{"width":17,"height":17,"x":85,"y":156,"pixelRatio":1},"circle_stroked_bn_11":{"width":17,"height":17,"x":102,"y":156,"pixelRatio":1},"claustre_11":{"width":17,"height":17,"x":119,"y":156,"pixelRatio":1},"claustre_bn_11":{"width":17,"height":17,"x":136,"y":156,"pixelRatio":1},"clothing_store_11":{"width":17,"height":17,"x":153,"y":156,"pixelRatio":1},"clothing_store_bn_11":{"width":17,"height":17,"x":0,"y":173,"pixelRatio":1},"college_11":{"width":17,"height":17,"x":17,"y":173,"pixelRatio":1},"college_bn_11":{"width":17,"height":17,"x":34,"y":173,"pixelRatio":1},"colonia_industrial_11":{"width":17,"height":17,"x":51,"y":173,"pixelRatio":1},"colonia_industrial_bn_11":{"width":17,"height":17,"x":68,"y":173,"pixelRatio":1},"conjunt_monumental_11":{"width":17,"height":17,"x":85,"y":173,"pixelRatio":1},"conjunt_monumental_bn_11":{"width":17,"height":17,"x":102,"y":173,"pixelRatio":1},"cova_11":{"width":17,"height":17,"x":119,"y":173,"pixelRatio":1},"cova_bn_11":{"width":17,"height":17,"x":136,"y":173,"pixelRatio":1},"cremallera_funicular_11":{"width":17,"height":17,"x":153,"y":173,"pixelRatio":1},"cremallera_funicular_bn_11":{"width":17,"height":17,"x":0,"y":190,"pixelRatio":1},"curiositat_natural_11":{"width":17,"height":17,"x":17,"y":190,"pixelRatio":1},"curiositat_natural_bn_11":{"width":17,"height":17,"x":34,"y":190,"pixelRatio":1},"denominacio_origen_cava_11":{"width":17,"height":17,"x":51,"y":190,"pixelRatio":1},"denominacio_origen_cava_bn_11":{"width":17,"height":17,"x":68,"y":190,"pixelRatio":1},"denominacio_origen_oli_11":{"width":17,"height":17,"x":85,"y":190,"pixelRatio":1},"denominacio_origen_oli_bn_11":{"width":17,"height":17,"x":102,"y":190,"pixelRatio":1},"denominacio_origen_vi_11":{"width":17,"height":17,"x":119,"y":190,"pixelRatio":1},"denominacio_origen_vi_bn_11":{"width":17,"height":17,"x":136,"y":190,"pixelRatio":1},"dentist_11":{"width":17,"height":17,"x":153,"y":190,"pixelRatio":1},"dentist_bn_11":{"width":17,"height":17,"x":0,"y":207,"pixelRatio":1},"doctor_11":{"width":17,"height":17,"x":17,"y":207,"pixelRatio":1},"doctor_bn_11":{"width":17,"height":17,"x":34,"y":207,"pixelRatio":1},"dog_park_11":{"width":17,"height":17,"x":51,"y":207,"pixelRatio":1},"dog_park_bn_11":{"width":17,"height":17,"x":68,"y":207,"pixelRatio":1},"drinking_water_11":{"width":17,"height":17,"x":85,"y":207,"pixelRatio":1},"drinking_water_bn_11":{"width":17,"height":17,"x":102,"y":207,"pixelRatio":1},"edifici_interes_11":{"width":17,"height":17,"x":119,"y":207,"pixelRatio":1},"edifici_interes_bn_11":{"width":17,"height":17,"x":136,"y":207,"pixelRatio":1},"element_interes_11":{"width":17,"height":17,"x":153,"y":207,"pixelRatio":1},"element_interes_bn_11":{"width":17,"height":17,"x":0,"y":224,"pixelRatio":1},"embassy_11":{"width":17,"height":17,"x":17,"y":224,"pixelRatio":1},"embassy_bn_11":{"width":17,"height":17,"x":34,"y":224,"pixelRatio":1},"entrance_11":{"width":17,"height":17,"x":51,"y":224,"pixelRatio":1},"entrance_bn_11":{"width":17,"height":17,"x":68,"y":224,"pixelRatio":1},"equipament_educatiu_11":{"width":17,"height":17,"x":85,"y":224,"pixelRatio":1},"equipament_educatiu_bn_11":{"width":17,"height":17,"x":102,"y":224,"pixelRatio":1},"esglesia_11":{"width":17,"height":17,"x":119,"y":224,"pixelRatio":1},"esglesia_bn_11":{"width":17,"height":17,"x":136,"y":224,"pixelRatio":1},"espai_natural_1_11":{"width":17,"height":17,"x":153,"y":224,"pixelRatio":1},"espai_natural_1_bn_11":{"width":17,"height":17,"x":0,"y":241,"pixelRatio":1},"espai_natural_2_11":{"width":17,"height":17,"x":17,"y":241,"pixelRatio":1},"espai_natural_2_bn_11":{"width":17,"height":17,"x":34,"y":241,"pixelRatio":1},"esqui_de_fons_11":{"width":17,"height":17,"x":51,"y":241,"pixelRatio":1},"esqui_de_fons_bn_11":{"width":17,"height":17,"x":68,"y":241,"pixelRatio":1},"estacio_esqui_11":{"width":17,"height":17,"x":85,"y":241,"pixelRatio":1},"estacio_esqui_bn_11":{"width":17,"height":17,"x":102,"y":241,"pixelRatio":1},"estacio_ffcc_11":{"width":17,"height":17,"x":119,"y":241,"pixelRatio":1},"estacio_ffcc_bn_11":{"width":17,"height":17,"x":136,"y":241,"pixelRatio":1},"estrelles_hostal_pensio_11":{"width":17,"height":17,"x":153,"y":241,"pixelRatio":1},"estrelles_hostal_pensio_bn_11":{"width":17,"height":17,"x":0,"y":258,"pixelRatio":1},"estrelles_hotel_11":{"width":17,"height":17,"x":17,"y":258,"pixelRatio":1},"estrelles_hotel_bn_11":{"width":17,"height":17,"x":34,"y":258,"pixelRatio":1},"far_11":{"width":17,"height":17,"x":51,"y":258,"pixelRatio":1},"far_bn_11":{"width":17,"height":17,"x":68,"y":258,"pixelRatio":1},"fast_food_11":{"width":17,"height":17,"x":85,"y":258,"pixelRatio":1},"fast_food_bn_11":{"width":17,"height":17,"x":102,"y":258,"pixelRatio":1},"ferry_terminal_11":{"width":17,"height":17,"x":119,"y":258,"pixelRatio":1},"ferry_terminal_bn_11":{"width":17,"height":17,"x":136,"y":258,"pixelRatio":1},"fire_station_11":{"width":17,"height":17,"x":153,"y":258,"pixelRatio":1},"fire_station_bn_11":{"width":17,"height":17,"x":0,"y":275,"pixelRatio":1},"fletxa-BTT_11":{"width":17,"height":17,"x":17,"y":275,"pixelRatio":1},"fletxa-BTT_b_11":{"width":17,"height":17,"x":34,"y":275,"pixelRatio":1},"fletxa-BTT_b_bn_11":{"width":17,"height":17,"x":51,"y":275,"pixelRatio":1},"fletxa-BTT_bn_11":{"width":17,"height":17,"x":68,"y":275,"pixelRatio":1},"font_11":{"width":17,"height":17,"x":85,"y":275,"pixelRatio":1},"font_bn_11":{"width":17,"height":17,"x":102,"y":275,"pixelRatio":1},"fuel_11":{"width":17,"height":17,"x":119,"y":275,"pixelRatio":1},"fuel_bn_11":{"width":17,"height":17,"x":136,"y":275,"pixelRatio":1},"garden_11":{"width":17,"height":17,"x":153,"y":275,"pixelRatio":1},"garden_bn_11":{"width":17,"height":17,"x":0,"y":292,"pixelRatio":1},"gastronomia_11":{"width":17,"height":17,"x":17,"y":292,"pixelRatio":1},"gastronomia_bn_11":{"width":17,"height":17,"x":34,"y":292,"pixelRatio":1},"golf_11":{"width":17,"height":17,"x":51,"y":292,"pixelRatio":1},"golf_bn_11":{"width":17,"height":17,"x":68,"y":292,"pixelRatio":1},"grocery_11":{"width":17,"height":17,"x":85,"y":292,"pixelRatio":1},"grocery_bn_11":{"width":17,"height":17,"x":102,"y":292,"pixelRatio":1},"harbor_11":{"width":17,"height":17,"x":119,"y":292,"pixelRatio":1},"harbor_bn_11":{"width":17,"height":17,"x":136,"y":292,"pixelRatio":1},"heliport_11":{"width":17,"height":17,"x":153,"y":292,"pixelRatio":1},"heliport_bn_11":{"width":17,"height":17,"x":170,"y":20,"pixelRatio":1},"hipica_11":{"width":17,"height":17,"x":187,"y":20,"pixelRatio":1},"hipica_bn_11":{"width":17,"height":17,"x":204,"y":20,"pixelRatio":1},"hospital_11":{"width":17,"height":17,"x":221,"y":20,"pixelRatio":1},"hospital_bn_11":{"width":17,"height":17,"x":238,"y":20,"pixelRatio":1},"hostal_pensio_11":{"width":17,"height":17,"x":255,"y":20,"pixelRatio":1},"hostal_pensio_bn_11":{"width":17,"height":17,"x":272,"y":20,"pixelRatio":1},"hotel_11":{"width":17,"height":17,"x":289,"y":20,"pixelRatio":1},"hotel_bn_11":{"width":17,"height":17,"x":306,"y":20,"pixelRatio":1},"ice_cream_11":{"width":17,"height":17,"x":323,"y":20,"pixelRatio":1},"ice_cream_bn_11":{"width":17,"height":17,"x":170,"y":37,"pixelRatio":1},"informacio_parc_11":{"width":17,"height":17,"x":187,"y":37,"pixelRatio":1},"informacio_parc_bn_11":{"width":17,"height":17,"x":204,"y":37,"pixelRatio":1},"information_11":{"width":17,"height":17,"x":221,"y":37,"pixelRatio":1},"information_bn_11":{"width":17,"height":17,"x":238,"y":37,"pixelRatio":1},"itinerari_adaptat_11":{"width":17,"height":17,"x":255,"y":37,"pixelRatio":1},"itinerari_adaptat_bn_11":{"width":17,"height":17,"x":272,"y":37,"pixelRatio":1},"laundry_11":{"width":17,"height":17,"x":289,"y":37,"pixelRatio":1},"laundry_bn_11":{"width":17,"height":17,"x":306,"y":37,"pixelRatio":1},"library_11":{"width":17,"height":17,"x":323,"y":37,"pixelRatio":1},"library_11_":{"width":17,"height":17,"x":170,"y":54,"pixelRatio":1},"library_bn_11":{"width":17,"height":17,"x":187,"y":54,"pixelRatio":1},"lodging_11":{"width":17,"height":17,"x":204,"y":54,"pixelRatio":1},"lodging_bn_11":{"width":17,"height":17,"x":221,"y":54,"pixelRatio":1},"marker_11":{"width":17,"height":17,"x":238,"y":54,"pixelRatio":1},"marker_bn_11":{"width":17,"height":17,"x":255,"y":54,"pixelRatio":1},"megalit-dolmen_11":{"width":17,"height":17,"x":272,"y":54,"pixelRatio":1},"megalit-dolmen_bn_11":{"width":17,"height":17,"x":289,"y":54,"pixelRatio":1},"modernisme_1_11":{"width":17,"height":17,"x":306,"y":54,"pixelRatio":1},"modernisme_1_bn_11":{"width":17,"height":17,"x":323,"y":54,"pixelRatio":1},"modernisme_2_11":{"width":17,"height":17,"x":170,"y":71,"pixelRatio":1},"modernisme_2_bn_11":{"width":17,"height":17,"x":187,"y":71,"pixelRatio":1},"monestir_11":{"width":17,"height":17,"x":204,"y":71,"pixelRatio":1},"monestir_bn_11":{"width":17,"height":17,"x":221,"y":71,"pixelRatio":1},"monument-1_11":{"width":17,"height":17,"x":238,"y":71,"pixelRatio":1},"monument-1_bn_11":{"width":17,"height":17,"x":255,"y":71,"pixelRatio":1},"monument-4_11":{"width":17,"height":17,"x":272,"y":71,"pixelRatio":1},"monument-4_bn_11":{"width":17,"height":17,"x":289,"y":71,"pixelRatio":1},"monument_11":{"width":17,"height":17,"x":306,"y":71,"pixelRatio":1},"monument_bn_11":{"width":17,"height":17,"x":323,"y":71,"pixelRatio":1},"mountain_11":{"width":17,"height":17,"x":170,"y":88,"pixelRatio":1},"mountain_bn_11":{"width":17,"height":17,"x":187,"y":88,"pixelRatio":1},"museu_11":{"width":17,"height":17,"x":204,"y":88,"pixelRatio":1},"museu_bn_11":{"width":17,"height":17,"x":221,"y":88,"pixelRatio":1},"museum_11":{"width":17,"height":17,"x":238,"y":88,"pixelRatio":1},"museum_bn_11":{"width":17,"height":17,"x":255,"y":88,"pixelRatio":1},"music_11":{"width":17,"height":17,"x":272,"y":88,"pixelRatio":1},"music_bn_11":{"width":17,"height":17,"x":289,"y":88,"pixelRatio":1},"observatori_fauna_11":{"width":17,"height":17,"x":306,"y":88,"pixelRatio":1},"observatori_fauna_bn_11":{"width":17,"height":17,"x":323,"y":88,"pixelRatio":1},"paracaigudisme_11":{"width":17,"height":17,"x":170,"y":105,"pixelRatio":1},"paracaigudisme_bn_11":{"width":17,"height":17,"x":187,"y":105,"pixelRatio":1},"parada_autobus_11":{"width":17,"height":17,"x":204,"y":105,"pixelRatio":1},"parada_autobus_bn_11":{"width":17,"height":17,"x":221,"y":105,"pixelRatio":1},"parc_jardi_botanic_11":{"width":17,"height":17,"x":238,"y":105,"pixelRatio":1},"parc_jardi_botanic_bn_11":{"width":17,"height":17,"x":255,"y":105,"pixelRatio":1},"parc_tematic_11":{"width":17,"height":17,"x":272,"y":105,"pixelRatio":1},"parc_tematic_bn_11":{"width":17,"height":17,"x":289,"y":105,"pixelRatio":1},"park_11":{"width":17,"height":17,"x":306,"y":105,"pixelRatio":1},"park_bn_11":{"width":17,"height":17,"x":323,"y":105,"pixelRatio":1},"patrimoni_industrial_11":{"width":17,"height":17,"x":170,"y":122,"pixelRatio":1},"patrimoni_industrial_bn_11":{"width":17,"height":17,"x":187,"y":122,"pixelRatio":1},"pharmacy_11":{"width":17,"height":17,"x":204,"y":122,"pixelRatio":1},"pharmacy_bn_11":{"width":17,"height":17,"x":221,"y":122,"pixelRatio":1},"pic_11":{"width":17,"height":17,"x":238,"y":122,"pixelRatio":1},"pic_bn_11":{"width":17,"height":17,"x":255,"y":122,"pixelRatio":1},"picnic_site_11":{"width":17,"height":17,"x":272,"y":122,"pixelRatio":1},"picnic_site_bn_11":{"width":17,"height":17,"x":289,"y":122,"pixelRatio":1},"place_of_worship_11":{"width":17,"height":17,"x":306,"y":122,"pixelRatio":1},"place_of_worship_bn_11":{"width":17,"height":17,"x":323,"y":122,"pixelRatio":1},"playground_11":{"width":17,"height":17,"x":170,"y":139,"pixelRatio":1},"playground_bn_11":{"width":17,"height":17,"x":187,"y":139,"pixelRatio":1},"police_11":{"width":17,"height":17,"x":204,"y":139,"pixelRatio":1},"police_bn_11":{"width":17,"height":17,"x":221,"y":139,"pixelRatio":1},"policia_11":{"width":17,"height":17,"x":238,"y":139,"pixelRatio":1},"policia_bn_11":{"width":17,"height":17,"x":255,"y":139,"pixelRatio":1},"pont_11":{"width":17,"height":17,"x":272,"y":139,"pixelRatio":1},"pont_bn_11":{"width":17,"height":17,"x":289,"y":139,"pixelRatio":1},"port_esportiu_11":{"width":17,"height":17,"x":306,"y":139,"pixelRatio":1},"port_esportiu_bn_11":{"width":17,"height":17,"x":323,"y":139,"pixelRatio":1},"port_estacio_maritima_11":{"width":17,"height":17,"x":170,"y":156,"pixelRatio":1},"port_estacio_maritima_bn_11":{"width":17,"height":17,"x":187,"y":156,"pixelRatio":1},"post_11":{"width":17,"height":17,"x":204,"y":156,"pixelRatio":1},"post_bn_11":{"width":17,"height":17,"x":221,"y":156,"pixelRatio":1},"prison_11":{"width":17,"height":17,"x":238,"y":156,"pixelRatio":1},"prison_bn_11":{"width":17,"height":17,"x":255,"y":156,"pixelRatio":1},"punt_informacio_11":{"width":17,"height":17,"x":272,"y":156,"pixelRatio":1},"punt_informacio_bn_11":{"width":17,"height":17,"x":289,"y":156,"pixelRatio":1},"rail_light_11":{"width":17,"height":17,"x":306,"y":156,"pixelRatio":1},"rail_light_bn_11":{"width":17,"height":17,"x":323,"y":156,"pixelRatio":1},"rail_metro_11":{"width":17,"height":17,"x":170,"y":173,"pixelRatio":1},"rail_metro_bn_11":{"width":17,"height":17,"x":187,"y":173,"pixelRatio":1},"railway_11":{"width":17,"height":17,"x":204,"y":173,"pixelRatio":1},"railway_bn_11":{"width":17,"height":17,"x":221,"y":173,"pixelRatio":1},"refugi_amb_clau_11":{"width":17,"height":17,"x":238,"y":173,"pixelRatio":1},"refugi_amb_clau_bn_11":{"width":17,"height":17,"x":255,"y":173,"pixelRatio":1},"refugi_amb_guarda_11":{"width":17,"height":17,"x":272,"y":173,"pixelRatio":1},"refugi_amb_guarda_bn_11":{"width":17,"height":17,"x":289,"y":173,"pixelRatio":1},"refugi_sense_guarda_11":{"width":17,"height":17,"x":306,"y":173,"pixelRatio":1},"refugi_sense_guarda_bn_11":{"width":17,"height":17,"x":323,"y":173,"pixelRatio":1},"religious_christian_11":{"width":17,"height":17,"x":170,"y":190,"pixelRatio":1},"religious_christian_bn_11":{"width":17,"height":17,"x":187,"y":190,"pixelRatio":1},"religious_jewish_11":{"width":17,"height":17,"x":204,"y":190,"pixelRatio":1},"religious_jewish_bn_11":{"width":17,"height":17,"x":221,"y":190,"pixelRatio":1},"religious_muslim_11":{"width":17,"height":17,"x":238,"y":190,"pixelRatio":1},"religious_muslim_bn_11":{"width":17,"height":17,"x":255,"y":190,"pixelRatio":1},"rem_11":{"width":17,"height":17,"x":272,"y":190,"pixelRatio":1},"rem_bn_11":{"width":17,"height":17,"x":289,"y":190,"pixelRatio":1},"restaurant_11":{"width":17,"height":17,"x":306,"y":190,"pixelRatio":1},"restaurant_bn_11":{"width":17,"height":17,"x":323,"y":190,"pixelRatio":1},"restes_histoarque_11":{"width":17,"height":17,"x":170,"y":207,"pixelRatio":1},"restes_histoarque_bn_11":{"width":17,"height":17,"x":187,"y":207,"pixelRatio":1},"riu_navegable_11":{"width":17,"height":17,"x":204,"y":207,"pixelRatio":1},"riu_navegable_bn_11":{"width":17,"height":17,"x":221,"y":207,"pixelRatio":1},"rocket_11":{"width":17,"height":17,"x":238,"y":207,"pixelRatio":1},"rocket_bn_11":{"width":17,"height":17,"x":255,"y":207,"pixelRatio":1},"salt_aigua_11":{"width":17,"height":17,"x":272,"y":207,"pixelRatio":1},"salt_aigua_bn_11":{"width":17,"height":17,"x":289,"y":207,"pixelRatio":1},"school_11":{"width":17,"height":17,"x":306,"y":207,"pixelRatio":1},"school_bn_11":{"width":17,"height":17,"x":323,"y":207,"pixelRatio":1},"senderisme_11":{"width":17,"height":17,"x":170,"y":224,"pixelRatio":1},"senderisme_bn_11":{"width":17,"height":17,"x":187,"y":224,"pixelRatio":1},"shop_11":{"width":17,"height":17,"x":204,"y":224,"pixelRatio":1},"shop_bn_11":{"width":17,"height":17,"x":221,"y":224,"pixelRatio":1},"stadium_11":{"width":17,"height":17,"x":238,"y":224,"pixelRatio":1},"stadium_2_11":{"width":17,"height":17,"x":255,"y":224,"pixelRatio":1},"stadium_2_bn_11":{"width":17,"height":17,"x":272,"y":224,"pixelRatio":1},"stadium_3_11":{"width":17,"height":17,"x":289,"y":224,"pixelRatio":1},"stadium_3_bn_11":{"width":17,"height":17,"x":306,"y":224,"pixelRatio":1},"stadium_4_11":{"width":17,"height":17,"x":323,"y":224,"pixelRatio":1},"stadium_4_bn_11":{"width":17,"height":17,"x":170,"y":241,"pixelRatio":1},"stadium_bn_11":{"width":17,"height":17,"x":187,"y":241,"pixelRatio":1},"star_11":{"width":17,"height":17,"x":204,"y":241,"pixelRatio":1},"star_bn_11":{"width":17,"height":17,"x":221,"y":241,"pixelRatio":1},"submarinisme_11":{"width":17,"height":17,"x":238,"y":241,"pixelRatio":1},"submarinisme_bn_11":{"width":17,"height":17,"x":255,"y":241,"pixelRatio":1},"suitcase-1_11":{"width":17,"height":17,"x":272,"y":241,"pixelRatio":1},"suitcase-1_bn_11":{"width":17,"height":17,"x":289,"y":241,"pixelRatio":1},"suitcase_11":{"width":17,"height":17,"x":306,"y":241,"pixelRatio":1},"suitcase_bn_11":{"width":17,"height":17,"x":323,"y":241,"pixelRatio":1},"surf_a_vela_11":{"width":17,"height":17,"x":170,"y":258,"pixelRatio":1},"surf_a_vela_bn_11":{"width":17,"height":17,"x":187,"y":258,"pixelRatio":1},"swimming_11":{"width":17,"height":17,"x":204,"y":258,"pixelRatio":1},"swimming_bn_11":{"width":17,"height":17,"x":221,"y":258,"pixelRatio":1},"taxi_11":{"width":17,"height":17,"x":238,"y":258,"pixelRatio":1},"taxi_bn_11":{"width":17,"height":17,"x":255,"y":258,"pixelRatio":1},"teleferic_11":{"width":17,"height":17,"x":272,"y":258,"pixelRatio":1},"teleferic_bn_11":{"width":17,"height":17,"x":289,"y":258,"pixelRatio":1},"theatre_11":{"width":17,"height":17,"x":306,"y":258,"pixelRatio":1},"theatre_bn_11":{"width":17,"height":17,"x":323,"y":258,"pixelRatio":1},"toilet_11":{"width":17,"height":17,"x":170,"y":275,"pixelRatio":1},"toilet_bn_11":{"width":17,"height":17,"x":187,"y":275,"pixelRatio":1},"torre_defensa_11":{"width":17,"height":17,"x":204,"y":275,"pixelRatio":1},"torre_defensa_bn_11":{"width":17,"height":17,"x":221,"y":275,"pixelRatio":1},"town_hall_11":{"width":17,"height":17,"x":238,"y":275,"pixelRatio":1},"town_hall_bn_11":{"width":17,"height":17,"x":255,"y":275,"pixelRatio":1},"triangle_11":{"width":17,"height":17,"x":272,"y":275,"pixelRatio":1},"triangle_bn_11":{"width":17,"height":17,"x":289,"y":275,"pixelRatio":1},"triangle_stroked_11":{"width":17,"height":17,"x":306,"y":275,"pixelRatio":1},"triangle_stroked_bn_11":{"width":17,"height":17,"x":323,"y":275,"pixelRatio":1},"us-highway_1":{"width":17,"height":17,"x":170,"y":292,"pixelRatio":1},"us-highway_2":{"width":17,"height":17,"x":187,"y":292,"pixelRatio":1},"us-highway_3":{"width":21,"height":17,"x":204,"y":292,"pixelRatio":1},"us-interstate_1":{"width":17,"height":17,"x":225,"y":292,"pixelRatio":1},"us-interstate_2":{"width":17,"height":17,"x":242,"y":292,"pixelRatio":1},"us-interstate_3":{"width":21,"height":17,"x":259,"y":292,"pixelRatio":1},"vela_11":{"width":17,"height":17,"x":280,"y":292,"pixelRatio":1},"vela_bn_11":{"width":17,"height":17,"x":297,"y":292,"pixelRatio":1},"vertexs_11":{"width":17,"height":17,"x":314,"y":292,"pixelRatio":1},"vertexs_bn_11":{"width":17,"height":17,"x":331,"y":292,"pixelRatio":1},"veterinary_11":{"width":17,"height":17,"x":163,"y":0,"pixelRatio":1},"veterinary_bn_11":{"width":17,"height":17,"x":180,"y":0,"pixelRatio":1},"vista_panoramica_11":{"width":17,"height":17,"x":197,"y":0,"pixelRatio":1},"vista_panoramica_bn_11":{"width":17,"height":17,"x":214,"y":0,"pixelRatio":1},"volcano_11":{"width":17,"height":17,"x":231,"y":0,"pixelRatio":1},"volcano_bn_11":{"width":17,"height":17,"x":248,"y":0,"pixelRatio":1},"vols_globus_11":{"width":17,"height":17,"x":265,"y":0,"pixelRatio":1},"vols_globus_bn_11":{"width":17,"height":17,"x":282,"y":0,"pixelRatio":1},"zona_fruitera_11":{"width":17,"height":17,"x":299,"y":0,"pixelRatio":1},"zona_fruitera_bn_11":{"width":17,"height":17,"x":316,"y":0,"pixelRatio":1},"zoo_11":{"width":17,"height":17,"x":333,"y":0,"pixelRatio":1},"zoo_bn_11":{"width":17,"height":17,"x":0,"y":309,"pixelRatio":1},"road_1":{"width":14,"height":14,"x":17,"y":309,"pixelRatio":1},"road_2":{"width":20,"height":14,"x":31,"y":309,"pixelRatio":1},"road_3":{"width":25,"height":14,"x":51,"y":309,"pixelRatio":1},"road_4":{"width":31,"height":14,"x":76,"y":309,"pixelRatio":1},"road_4_20":{"width":31,"height":14,"x":107,"y":309,"pixelRatio":1},"road_4_21":{"width":31,"height":14,"x":138,"y":309,"pixelRatio":1},"road_4_22":{"width":31,"height":14,"x":169,"y":309,"pixelRatio":1},"road_4_23":{"width":31,"height":14,"x":200,"y":309,"pixelRatio":1},"road_4_25":{"width":31,"height":14,"x":231,"y":309,"pixelRatio":1},"road_5":{"width":36,"height":14,"x":262,"y":309,"pixelRatio":1},"road_6":{"width":40,"height":14,"x":298,"y":309,"pixelRatio":1},"road_6_20":{"width":40,"height":14,"x":0,"y":326,"pixelRatio":1},"road_6_21":{"width":40,"height":14,"x":40,"y":326,"pixelRatio":1},"road_6_22":{"width":40,"height":14,"x":80,"y":326,"pixelRatio":1},"road_6_23":{"width":40,"height":14,"x":120,"y":326,"pixelRatio":1},"road_6_25":{"width":40,"height":14,"x":160,"y":326,"pixelRatio":1},"road_7":{"width":43,"height":14,"x":200,"y":326,"pixelRatio":1},"us-state_1":{"width":17,"height":14,"x":243,"y":326,"pixelRatio":1},"us-state_2":{"width":22,"height":14,"x":260,"y":326,"pixelRatio":1},"us-state_3":{"width":27,"height":14,"x":282,"y":326,"pixelRatio":1},"us-state_4":{"width":32,"height":14,"x":309,"y":326,"pixelRatio":1},"us-state_5":{"width":37,"height":14,"x":0,"y":340,"pixelRatio":1},"us-state_6":{"width":42,"height":14,"x":37,"y":340,"pixelRatio":1},"wave":{"width":16,"height":8,"x":79,"y":340,"pixelRatio":1},"canal":{"width":3,"height":3,"x":341,"y":326,"pixelRatio":1},"canal_bn":{"width":3,"height":3,"x":344,"y":326,"pixelRatio":1}}