{"arrossars_4":{"width":145,"height":98,"x":0,"y":0,"pixelRatio":2},"arrossars_4_bn":{"width":145,"height":98,"x":145,"y":0,"pixelRatio":2},"camping_29":{"width":58,"height":58,"x":0,"y":98,"pixelRatio":2},"cova_29":{"width":58,"height":58,"x":58,"y":98,"pixelRatio":2},"senderisme_29":{"width":58,"height":58,"x":116,"y":98,"pixelRatio":2},"arrossars_2":{"width":72,"height":49,"x":174,"y":98,"pixelRatio":2},"arrossars_2_bn":{"width":72,"height":49,"x":0,"y":156,"pixelRatio":2},"plantacions_arbres":{"width":46,"height":43,"x":72,"y":156,"pixelRatio":2},"plantacions_arbres_bn":{"width":46,"height":43,"x":118,"y":156,"pixelRatio":2},"boscos_aciculifolis":{"width":51,"height":42,"x":164,"y":156,"pixelRatio":2},"boscos_aciculifolis_bn":{"width":51,"height":42,"x":215,"y":156,"pixelRatio":2},"boscos_caducifolis":{"width":51,"height":42,"x":0,"y":205,"pixelRatio":2},"boscos_caducifolis_bn":{"width":51,"height":42,"x":51,"y":205,"pixelRatio":2},"conreus_arbacis_seca":{"width":49,"height":42,"x":102,"y":205,"pixelRatio":2},"conreus_arbacis_seca_bn":{"width":49,"height":42,"x":151,"y":205,"pixelRatio":2},"fruiters_regadiu":{"width":50,"height":41,"x":200,"y":205,"pixelRatio":2},"fruiters_regadiu_bn":{"width":50,"height":41,"x":0,"y":247,"pixelRatio":2},"molleres_i_aiguamolls":{"width":45,"height":41,"x":50,"y":247,"pixelRatio":2},"molleres_i_aiguamolls_bn":{"width":45,"height":41,"x":95,"y":247,"pixelRatio":2},"molleres_muntanya":{"width":45,"height":41,"x":140,"y":247,"pixelRatio":2},"molleres_muntanya_bn":{"width":45,"height":41,"x":185,"y":247,"pixelRatio":2},"vinya":{"width":46,"height":41,"x":230,"y":247,"pixelRatio":2},"vinya_bn":{"width":46,"height":41,"x":0,"y":288,"pixelRatio":2},"wetland":{"width":45,"height":41,"x":46,"y":288,"pixelRatio":2},"wetland_bn":{"width":45,"height":41,"x":91,"y":288,"pixelRatio":2},"arrossars":{"width":47,"height":40,"x":136,"y":288,"pixelRatio":2},"arrossars_bn":{"width":47,"height":40,"x":183,"y":288,"pixelRatio":2},"conreus_arbacis_regadiu":{"width":48,"height":40,"x":230,"y":288,"pixelRatio":2},"conreus_arbacis_regadiu_bn":{"width":48,"height":40,"x":0,"y":329,"pixelRatio":2},"fruiters_seca":{"width":52,"height":39,"x":48,"y":329,"pixelRatio":2},"fruiters_seca_bn":{"width":52,"height":39,"x":100,"y":329,"pixelRatio":2},"bosquines_matollars":{"width":42,"height":38,"x":152,"y":329,"pixelRatio":2},"bosquines_matollars_bn":{"width":42,"height":38,"x":194,"y":329,"pixelRatio":2},"aerodrom_11":{"width":34,"height":34,"x":236,"y":329,"pixelRatio":2},"aerodrom_bn_11":{"width":34,"height":34,"x":250,"y":205,"pixelRatio":2},"aeroport_11":{"width":34,"height":34,"x":246,"y":98,"pixelRatio":2},"aeroport_bn_11":{"width":34,"height":34,"x":270,"y":329,"pixelRatio":2},"airfield_11":{"width":34,"height":34,"x":304,"y":329,"pixelRatio":2},"airfield_bn_11":{"width":34,"height":34,"x":338,"y":329,"pixelRatio":2},"airport_11":{"width":34,"height":34,"x":372,"y":329,"pixelRatio":2},"airport_bn_11":{"width":34,"height":34,"x":406,"y":329,"pixelRatio":2},"ajuntament_11":{"width":34,"height":34,"x":440,"y":329,"pixelRatio":2},"ajuntament_bn_11":{"width":34,"height":34,"x":474,"y":329,"pixelRatio":2},"alberg_internacional_11":{"width":34,"height":34,"x":508,"y":329,"pixelRatio":2},"alberg_internacional_bn_11":{"width":34,"height":34,"x":542,"y":329,"pixelRatio":2},"alcohol_shop_11":{"width":34,"height":34,"x":276,"y":247,"pixelRatio":2},"alcohol_shop_bn_11":{"width":34,"height":34,"x":310,"y":247,"pixelRatio":2},"allotjament_rural_11":{"width":34,"height":34,"x":344,"y":247,"pixelRatio":2},"allotjament_rural_bn_11":{"width":34,"height":34,"x":378,"y":247,"pixelRatio":2},"amusement_park_11":{"width":34,"height":34,"x":412,"y":247,"pixelRatio":2},"amusement_park_bn_11":{"width":34,"height":34,"x":446,"y":247,"pixelRatio":2},"aparcament_11":{"width":34,"height":34,"x":480,"y":247,"pixelRatio":2},"aparcament_autocaravanes_11":{"width":34,"height":34,"x":514,"y":247,"pixelRatio":2},"aparcament_autocaravanes_bn_11":{"width":34,"height":34,"x":278,"y":288,"pixelRatio":2},"aparcament_bn_11":{"width":34,"height":34,"x":312,"y":288,"pixelRatio":2},"apartament_turistic_11":{"width":34,"height":34,"x":346,"y":288,"pixelRatio":2},"apartament_turistic_bn_11":{"width":34,"height":34,"x":380,"y":288,"pixelRatio":2},"aquarium_11":{"width":34,"height":34,"x":414,"y":288,"pixelRatio":2},"aquarium_bn_11":{"width":34,"height":34,"x":448,"y":288,"pixelRatio":2},"arbre_monumental_11":{"width":34,"height":34,"x":482,"y":288,"pixelRatio":2},"arbre_monumental_bn_11":{"width":34,"height":34,"x":516,"y":288,"pixelRatio":2},"area_picnic_11":{"width":34,"height":34,"x":284,"y":205,"pixelRatio":2},"area_picnic_bn_11":{"width":34,"height":34,"x":318,"y":205,"pixelRatio":2},"areapicnic_11":{"width":34,"height":34,"x":352,"y":205,"pixelRatio":2},"areapicnic_bn_11":{"width":34,"height":34,"x":386,"y":205,"pixelRatio":2},"art_gallery_11":{"width":34,"height":34,"x":420,"y":205,"pixelRatio":2},"art_gallery_bn_11":{"width":34,"height":34,"x":454,"y":205,"pixelRatio":2},"artesania_11":{"width":34,"height":34,"x":488,"y":205,"pixelRatio":2},"artesania_bn_11":{"width":34,"height":34,"x":522,"y":205,"pixelRatio":2},"asterisc_hotel-pensio_11":{"width":34,"height":34,"x":266,"y":156,"pixelRatio":2},"asterisc_hotel-pensio_bn_11":{"width":34,"height":34,"x":300,"y":156,"pixelRatio":2},"attraction_11":{"width":34,"height":34,"x":334,"y":156,"pixelRatio":2},"attraction_bn_11":{"width":34,"height":34,"x":368,"y":156,"pixelRatio":2},"avenc_11":{"width":34,"height":34,"x":402,"y":156,"pixelRatio":2},"avenc_bn_11":{"width":34,"height":34,"x":436,"y":156,"pixelRatio":2},"baixador_altres_11":{"width":34,"height":34,"x":470,"y":156,"pixelRatio":2},"baixador_fgc_11":{"width":34,"height":34,"x":504,"y":156,"pixelRatio":2},"baixador_renfe_11":{"width":34,"height":34,"x":538,"y":156,"pixelRatio":2},"bakery_11":{"width":34,"height":34,"x":280,"y":98,"pixelRatio":2},"bakery_bn_11":{"width":34,"height":34,"x":314,"y":98,"pixelRatio":2},"balneari_11":{"width":34,"height":34,"x":348,"y":98,"pixelRatio":2},"balneari_bn_11":{"width":34,"height":34,"x":382,"y":98,"pixelRatio":2},"bank_11":{"width":34,"height":34,"x":416,"y":98,"pixelRatio":2},"bank_bn_11":{"width":34,"height":34,"x":450,"y":98,"pixelRatio":2},"bar_11":{"width":34,"height":34,"x":484,"y":98,"pixelRatio":2},"bar_bn_11":{"width":34,"height":34,"x":518,"y":98,"pixelRatio":2},"beer_11":{"width":34,"height":34,"x":290,"y":0,"pixelRatio":2},"beer_bn_11":{"width":34,"height":34,"x":324,"y":0,"pixelRatio":2},"bicycle_11":{"width":34,"height":34,"x":358,"y":0,"pixelRatio":2},"bicycle_bn_11":{"width":34,"height":34,"x":392,"y":0,"pixelRatio":2},"bicycle_rental_11":{"width":34,"height":34,"x":426,"y":0,"pixelRatio":2},"bicycle_rental_bn_11":{"width":34,"height":34,"x":460,"y":0,"pixelRatio":2},"bosc_destacat_11":{"width":34,"height":34,"x":494,"y":0,"pixelRatio":2},"bosc_destacat_bn_11":{"width":34,"height":34,"x":528,"y":0,"pixelRatio":2},"bossa_11":{"width":34,"height":34,"x":0,"y":369,"pixelRatio":2},"bossa_bn_11":{"width":34,"height":34,"x":34,"y":369,"pixelRatio":2},"bus_11":{"width":34,"height":34,"x":68,"y":369,"pixelRatio":2},"bus_bn_11":{"width":34,"height":34,"x":102,"y":369,"pixelRatio":2},"cabana_11":{"width":34,"height":34,"x":136,"y":369,"pixelRatio":2},"cabana_bn_11":{"width":34,"height":34,"x":170,"y":369,"pixelRatio":2},"cafe_11":{"width":34,"height":34,"x":204,"y":369,"pixelRatio":2},"cafe_bn_11":{"width":34,"height":34,"x":238,"y":369,"pixelRatio":2},"camp_futbol 25_11":{"width":34,"height":34,"x":272,"y":369,"pixelRatio":2},"camp_futbol_50_11":{"width":34,"height":34,"x":306,"y":369,"pixelRatio":2},"camp_golf_250_11":{"width":34,"height":34,"x":340,"y":369,"pixelRatio":2},"camping_11":{"width":34,"height":34,"x":374,"y":369,"pixelRatio":2},"camping__2_11":{"width":34,"height":34,"x":408,"y":369,"pixelRatio":2},"camping_bn_11":{"width":34,"height":34,"x":442,"y":369,"pixelRatio":2},"campsite_11":{"width":34,"height":34,"x":476,"y":369,"pixelRatio":2},"campsite_bn_11":{"width":34,"height":34,"x":510,"y":369,"pixelRatio":2},"canoa_kaiac_11":{"width":34,"height":34,"x":544,"y":369,"pixelRatio":2},"canoa_kaiac_bn_11":{"width":34,"height":34,"x":0,"y":403,"pixelRatio":2},"car_11":{"width":34,"height":34,"x":34,"y":403,"pixelRatio":2},"car_bn_11":{"width":34,"height":34,"x":68,"y":403,"pixelRatio":2},"casino_11":{"width":34,"height":34,"x":102,"y":403,"pixelRatio":2},"casino_bn_11":{"width":34,"height":34,"x":136,"y":403,"pixelRatio":2},"castell_11":{"width":34,"height":34,"x":170,"y":403,"pixelRatio":2},"castell__2_11":{"width":34,"height":34,"x":204,"y":403,"pixelRatio":2},"castell_bn_11":{"width":34,"height":34,"x":238,"y":403,"pixelRatio":2},"castle_11":{"width":34,"height":34,"x":272,"y":403,"pixelRatio":2},"castle_bn_11":{"width":34,"height":34,"x":306,"y":403,"pixelRatio":2},"celler_11":{"width":34,"height":34,"x":340,"y":403,"pixelRatio":2},"celler_bn_11":{"width":34,"height":34,"x":374,"y":403,"pixelRatio":2},"cemetery_11":{"width":34,"height":34,"x":408,"y":403,"pixelRatio":2},"cemetery_bn_11":{"width":34,"height":34,"x":442,"y":403,"pixelRatio":2},"centre_BTT_11":{"width":34,"height":34,"x":476,"y":403,"pixelRatio":2},"centre_BTT_bn_11":{"width":34,"height":34,"x":510,"y":403,"pixelRatio":2},"cinema_11":{"width":34,"height":34,"x":544,"y":403,"pixelRatio":2},"cinema_bn_11":{"width":34,"height":34,"x":0,"y":437,"pixelRatio":2},"circle_11":{"width":34,"height":34,"x":34,"y":437,"pixelRatio":2},"circle_blau_11":{"width":34,"height":34,"x":68,"y":437,"pixelRatio":2},"circle_blau_bn_11":{"width":34,"height":34,"x":102,"y":437,"pixelRatio":2},"circle_bn_11":{"width":34,"height":34,"x":136,"y":437,"pixelRatio":2},"circle_stroked_11":{"width":34,"height":34,"x":170,"y":437,"pixelRatio":2},"circle_stroked_blau_11":{"width":34,"height":34,"x":204,"y":437,"pixelRatio":2},"circle_stroked_blau_bn_11":{"width":34,"height":34,"x":238,"y":437,"pixelRatio":2},"circle_stroked_bn_11":{"width":34,"height":34,"x":272,"y":437,"pixelRatio":2},"claustre_11":{"width":34,"height":34,"x":306,"y":437,"pixelRatio":2},"claustre_bn_11":{"width":34,"height":34,"x":340,"y":437,"pixelRatio":2},"clothing_store_11":{"width":34,"height":34,"x":374,"y":437,"pixelRatio":2},"clothing_store_bn_11":{"width":34,"height":34,"x":408,"y":437,"pixelRatio":2},"college_11":{"width":34,"height":34,"x":442,"y":437,"pixelRatio":2},"college_bn_11":{"width":34,"height":34,"x":476,"y":437,"pixelRatio":2},"colonia_industrial_11":{"width":34,"height":34,"x":510,"y":437,"pixelRatio":2},"colonia_industrial_bn_11":{"width":34,"height":34,"x":544,"y":437,"pixelRatio":2},"conjunt_monumental_11":{"width":34,"height":34,"x":0,"y":471,"pixelRatio":2},"conjunt_monumental_bn_11":{"width":34,"height":34,"x":34,"y":471,"pixelRatio":2},"cova_11":{"width":34,"height":34,"x":68,"y":471,"pixelRatio":2},"cova_avenc_11":{"width":34,"height":34,"x":102,"y":471,"pixelRatio":2},"cova_bn_11":{"width":34,"height":34,"x":136,"y":471,"pixelRatio":2},"cremallera_funicular_11":{"width":34,"height":34,"x":170,"y":471,"pixelRatio":2},"cremallera_funicular_bn_11":{"width":34,"height":34,"x":204,"y":471,"pixelRatio":2},"curiositat_natural_11":{"width":34,"height":34,"x":238,"y":471,"pixelRatio":2},"curiositat_natural_bn_11":{"width":34,"height":34,"x":272,"y":471,"pixelRatio":2},"denominacio_origen_cava_11":{"width":34,"height":34,"x":306,"y":471,"pixelRatio":2},"denominacio_origen_cava_bn_11":{"width":34,"height":34,"x":340,"y":471,"pixelRatio":2},"denominacio_origen_oli_11":{"width":34,"height":34,"x":374,"y":471,"pixelRatio":2},"denominacio_origen_oli_bn_11":{"width":34,"height":34,"x":408,"y":471,"pixelRatio":2},"denominacio_origen_vi_11":{"width":34,"height":34,"x":442,"y":471,"pixelRatio":2},"denominacio_origen_vi_bn_11":{"width":34,"height":34,"x":476,"y":471,"pixelRatio":2},"dentist_11":{"width":34,"height":34,"x":510,"y":471,"pixelRatio":2},"dentist_bn_11":{"width":34,"height":34,"x":544,"y":471,"pixelRatio":2},"depuradora_11":{"width":34,"height":34,"x":0,"y":505,"pixelRatio":2},"diposit_cobert_circular_11":{"width":34,"height":34,"x":34,"y":505,"pixelRatio":2},"diposit_cobert_rect_11":{"width":34,"height":34,"x":68,"y":505,"pixelRatio":2},"diposit_combustible_11":{"width":34,"height":34,"x":102,"y":505,"pixelRatio":2},"diposit_sitja_circular_11":{"width":34,"height":34,"x":136,"y":505,"pixelRatio":2},"diposit_sitja_quadrat_11":{"width":34,"height":34,"x":170,"y":505,"pixelRatio":2},"doctor_11":{"width":34,"height":34,"x":204,"y":505,"pixelRatio":2},"doctor_bn_11":{"width":34,"height":34,"x":238,"y":505,"pixelRatio":2},"dog_park_11":{"width":34,"height":34,"x":272,"y":505,"pixelRatio":2},"dog_park_bn_11":{"width":34,"height":34,"x":306,"y":505,"pixelRatio":2},"drinking_water_11":{"width":34,"height":34,"x":340,"y":505,"pixelRatio":2},"drinking_water_bn_11":{"width":34,"height":34,"x":374,"y":505,"pixelRatio":2},"edificacio religiosa aillada_11":{"width":34,"height":34,"x":408,"y":505,"pixelRatio":2},"edifici_interes_11":{"width":34,"height":34,"x":442,"y":505,"pixelRatio":2},"edifici_interes_bn_11":{"width":34,"height":34,"x":476,"y":505,"pixelRatio":2},"element_interes_11":{"width":34,"height":34,"x":510,"y":505,"pixelRatio":2},"element_interes_bn_11":{"width":34,"height":34,"x":544,"y":505,"pixelRatio":2},"embassament_presa_11":{"width":34,"height":34,"x":0,"y":539,"pixelRatio":2},"embassy_11":{"width":34,"height":34,"x":34,"y":539,"pixelRatio":2},"embassy_bn_11":{"width":34,"height":34,"x":68,"y":539,"pixelRatio":2},"emisor_receptor_telecos_11":{"width":34,"height":34,"x":102,"y":539,"pixelRatio":2},"entrance_11":{"width":34,"height":34,"x":136,"y":539,"pixelRatio":2},"entrance_bn_11":{"width":34,"height":34,"x":170,"y":539,"pixelRatio":2},"equipament_educatiu_11":{"width":34,"height":34,"x":204,"y":539,"pixelRatio":2},"equipament_educatiu_bn_11":{"width":34,"height":34,"x":238,"y":539,"pixelRatio":2},"esglesia_11":{"width":34,"height":34,"x":272,"y":539,"pixelRatio":2},"esglesia_bn_11":{"width":34,"height":34,"x":306,"y":539,"pixelRatio":2},"espai_natural_1_11":{"width":34,"height":34,"x":340,"y":539,"pixelRatio":2},"espai_natural_1_bn_11":{"width":34,"height":34,"x":374,"y":539,"pixelRatio":2},"espai_natural_2_11":{"width":34,"height":34,"x":408,"y":539,"pixelRatio":2},"espai_natural_2_bn_11":{"width":34,"height":34,"x":442,"y":539,"pixelRatio":2},"espai_natural_protegit_11":{"width":34,"height":34,"x":476,"y":539,"pixelRatio":2},"espai_natural_protegit_bn_11":{"width":34,"height":34,"x":510,"y":539,"pixelRatio":2},"esqui_de_fons_11":{"width":34,"height":34,"x":544,"y":539,"pixelRatio":2},"esqui_de_fons_bn_11":{"width":34,"height":34,"x":0,"y":573,"pixelRatio":2},"estacio_altres_11":{"width":34,"height":34,"x":34,"y":573,"pixelRatio":2},"estacio_esqui_11":{"width":34,"height":34,"x":68,"y":573,"pixelRatio":2},"estacio_esqui_bn_11":{"width":34,"height":34,"x":102,"y":573,"pixelRatio":2},"estacio_ferrocarril_11":{"width":34,"height":34,"x":136,"y":573,"pixelRatio":2},"estacio_ferrocarril_bn_11":{"width":34,"height":34,"x":170,"y":573,"pixelRatio":2},"estacio_ffcc_11":{"width":34,"height":34,"x":204,"y":573,"pixelRatio":2},"estacio_ffcc_bn_11":{"width":34,"height":34,"x":238,"y":573,"pixelRatio":2},"estacio_fgc_11":{"width":34,"height":34,"x":272,"y":573,"pixelRatio":2},"estacio_permanent_GNNS_11":{"width":34,"height":34,"x":306,"y":573,"pixelRatio":2},"estacio_renfe_11":{"width":34,"height":34,"x":340,"y":573,"pixelRatio":2},"estrelles_hostal_pensio_11":{"width":34,"height":34,"x":374,"y":573,"pixelRatio":2},"estrelles_hostal_pensio_bn_11":{"width":34,"height":34,"x":408,"y":573,"pixelRatio":2},"estrelles_hotel_11":{"width":34,"height":34,"x":442,"y":573,"pixelRatio":2},"estrelles_hotel_bn_11":{"width":34,"height":34,"x":476,"y":573,"pixelRatio":2},"far_11":{"width":34,"height":34,"x":510,"y":573,"pixelRatio":2},"far_250_11":{"width":34,"height":34,"x":544,"y":573,"pixelRatio":2},"far_bn_11":{"width":34,"height":34,"x":0,"y":607,"pixelRatio":2},"fast_food_11":{"width":34,"height":34,"x":34,"y":607,"pixelRatio":2},"fast_food_bn_11":{"width":34,"height":34,"x":68,"y":607,"pixelRatio":2},"ferry_terminal_11":{"width":34,"height":34,"x":102,"y":607,"pixelRatio":2},"ferry_terminal_bn_11":{"width":34,"height":34,"x":136,"y":607,"pixelRatio":2},"fire_station_11":{"width":34,"height":34,"x":170,"y":607,"pixelRatio":2},"fire_station_bn_11":{"width":34,"height":34,"x":204,"y":607,"pixelRatio":2},"fletxa-BTT_11":{"width":34,"height":34,"x":238,"y":607,"pixelRatio":2},"fletxa-BTT_b_11":{"width":34,"height":34,"x":272,"y":607,"pixelRatio":2},"fletxa-BTT_b_bn_11":{"width":34,"height":34,"x":306,"y":607,"pixelRatio":2},"fletxa-BTT_bn_11":{"width":34,"height":34,"x":340,"y":607,"pixelRatio":2},"font_11":{"width":34,"height":34,"x":374,"y":607,"pixelRatio":2},"font_bn_11":{"width":34,"height":34,"x":408,"y":607,"pixelRatio":2},"fuel_11":{"width":34,"height":34,"x":442,"y":607,"pixelRatio":2},"fuel_bn_11":{"width":34,"height":34,"x":476,"y":607,"pixelRatio":2},"garden_11":{"width":34,"height":34,"x":510,"y":607,"pixelRatio":2},"garden_bn_11":{"width":34,"height":34,"x":544,"y":607,"pixelRatio":2},"gastronomia_11":{"width":34,"height":34,"x":0,"y":641,"pixelRatio":2},"gastronomia_bn_11":{"width":34,"height":34,"x":34,"y":641,"pixelRatio":2},"golf_11":{"width":34,"height":34,"x":68,"y":641,"pixelRatio":2},"golf_bn_11":{"width":34,"height":34,"x":102,"y":641,"pixelRatio":2},"grocery_11":{"width":34,"height":34,"x":136,"y":641,"pixelRatio":2},"grocery_bn_11":{"width":34,"height":34,"x":170,"y":641,"pixelRatio":2},"harbor_11":{"width":34,"height":34,"x":204,"y":641,"pixelRatio":2},"harbor_bn_11":{"width":34,"height":34,"x":238,"y":641,"pixelRatio":2},"heliport_11":{"width":34,"height":34,"x":272,"y":641,"pixelRatio":2},"heliport_bn_11":{"width":34,"height":34,"x":306,"y":641,"pixelRatio":2},"hipica_11":{"width":34,"height":34,"x":340,"y":641,"pixelRatio":2},"hipica_bn_11":{"width":34,"height":34,"x":374,"y":641,"pixelRatio":2},"hospital_11":{"width":34,"height":34,"x":408,"y":641,"pixelRatio":2},"hospital_bn_11":{"width":34,"height":34,"x":442,"y":641,"pixelRatio":2},"hostal_pensio_11":{"width":34,"height":34,"x":476,"y":641,"pixelRatio":2},"hostal_pensio_bn_11":{"width":34,"height":34,"x":510,"y":641,"pixelRatio":2},"hotel_11":{"width":34,"height":34,"x":544,"y":641,"pixelRatio":2},"hotel_bn_11":{"width":34,"height":34,"x":0,"y":675,"pixelRatio":2},"ice_cream_11":{"width":34,"height":34,"x":34,"y":675,"pixelRatio":2},"ice_cream_bn_11":{"width":34,"height":34,"x":68,"y":675,"pixelRatio":2},"informacio_parc_11":{"width":34,"height":34,"x":102,"y":675,"pixelRatio":2},"informacio_parc_bn_11":{"width":34,"height":34,"x":136,"y":675,"pixelRatio":2},"information_11":{"width":34,"height":34,"x":170,"y":675,"pixelRatio":2},"information_bn_11":{"width":34,"height":34,"x":204,"y":675,"pixelRatio":2},"itinerari_adaptat_11":{"width":34,"height":34,"x":238,"y":675,"pixelRatio":2},"itinerari_adaptat_bn_11":{"width":34,"height":34,"x":272,"y":675,"pixelRatio":2},"laundry_11":{"width":34,"height":34,"x":306,"y":675,"pixelRatio":2},"laundry_bn_11":{"width":34,"height":34,"x":340,"y":675,"pixelRatio":2},"library_11":{"width":34,"height":34,"x":374,"y":675,"pixelRatio":2},"library_11_":{"width":34,"height":34,"x":408,"y":675,"pixelRatio":2},"library_bn_11":{"width":34,"height":34,"x":442,"y":675,"pixelRatio":2},"lodging_11":{"width":34,"height":34,"x":476,"y":675,"pixelRatio":2},"lodging_bn_11":{"width":34,"height":34,"x":510,"y":675,"pixelRatio":2},"mareograf_11":{"width":34,"height":34,"x":544,"y":675,"pixelRatio":2},"marker_11":{"width":34,"height":34,"x":0,"y":709,"pixelRatio":2},"marker_bn_11":{"width":34,"height":34,"x":34,"y":709,"pixelRatio":2},"megalit-dolmen_11":{"width":34,"height":34,"x":68,"y":709,"pixelRatio":2},"megalit-dolmen_bn_11":{"width":34,"height":34,"x":102,"y":709,"pixelRatio":2},"mina_11":{"width":34,"height":34,"x":136,"y":709,"pixelRatio":2},"mina_abandonada_11":{"width":34,"height":34,"x":170,"y":709,"pixelRatio":2},"modernisme_1_11":{"width":34,"height":34,"x":204,"y":709,"pixelRatio":2},"modernisme_1_bn_11":{"width":34,"height":34,"x":238,"y":709,"pixelRatio":2},"modernisme_2_11":{"width":34,"height":34,"x":272,"y":709,"pixelRatio":2},"modernisme_2_bn_11":{"width":34,"height":34,"x":306,"y":709,"pixelRatio":2},"monestir_11":{"width":34,"height":34,"x":340,"y":709,"pixelRatio":2},"monestir_2_11":{"width":34,"height":34,"x":374,"y":709,"pixelRatio":2},"monestir_bn_11":{"width":34,"height":34,"x":408,"y":709,"pixelRatio":2},"monument-1_11":{"width":34,"height":34,"x":442,"y":709,"pixelRatio":2},"monument-1_bn_11":{"width":34,"height":34,"x":476,"y":709,"pixelRatio":2},"monument-4_11":{"width":34,"height":34,"x":510,"y":709,"pixelRatio":2},"monument-4_bn_11":{"width":34,"height":34,"x":544,"y":709,"pixelRatio":2},"monument_11":{"width":34,"height":34,"x":0,"y":743,"pixelRatio":2},"monument_bn_11":{"width":34,"height":34,"x":34,"y":743,"pixelRatio":2},"mountain_11":{"width":34,"height":34,"x":68,"y":743,"pixelRatio":2},"mountain_bn_11":{"width":34,"height":34,"x":102,"y":743,"pixelRatio":2},"museu_11":{"width":34,"height":34,"x":136,"y":743,"pixelRatio":2},"museu_bn_11":{"width":34,"height":34,"x":170,"y":743,"pixelRatio":2},"museum_11":{"width":34,"height":34,"x":204,"y":743,"pixelRatio":2},"museum_bn_11":{"width":34,"height":34,"x":238,"y":743,"pixelRatio":2},"music_11":{"width":34,"height":34,"x":272,"y":743,"pixelRatio":2},"music_bn_11":{"width":34,"height":34,"x":306,"y":743,"pixelRatio":2},"observatori_fauna_11":{"width":34,"height":34,"x":340,"y":743,"pixelRatio":2},"observatori_fauna_bn_11":{"width":34,"height":34,"x":374,"y":743,"pixelRatio":2},"paracaigudisme_11":{"width":34,"height":34,"x":408,"y":743,"pixelRatio":2},"paracaigudisme_bn_11":{"width":34,"height":34,"x":442,"y":743,"pixelRatio":2},"parada_autobus_11":{"width":34,"height":34,"x":476,"y":743,"pixelRatio":2},"parada_autobus_bn_11":{"width":34,"height":34,"x":510,"y":743,"pixelRatio":2},"parc_jardi_botanic_11":{"width":34,"height":34,"x":544,"y":743,"pixelRatio":2},"parc_jardi_botanic_bn_11":{"width":34,"height":34,"x":578,"y":369,"pixelRatio":2},"parc_natural_11":{"width":34,"height":34,"x":612,"y":369,"pixelRatio":2},"parc_natural_bn_11":{"width":34,"height":34,"x":646,"y":369,"pixelRatio":2},"parc_tematic_11":{"width":34,"height":34,"x":680,"y":369,"pixelRatio":2},"parc_tematic_bn_11":{"width":34,"height":34,"x":714,"y":369,"pixelRatio":2},"park_11":{"width":34,"height":34,"x":748,"y":369,"pixelRatio":2},"park_bn_11":{"width":34,"height":34,"x":782,"y":369,"pixelRatio":2},"patrimoni_industrial_11":{"width":34,"height":34,"x":816,"y":369,"pixelRatio":2},"patrimoni_industrial_bn_11":{"width":34,"height":34,"x":850,"y":369,"pixelRatio":2},"peatge_11":{"width":34,"height":34,"x":884,"y":369,"pixelRatio":2},"pedrera_11":{"width":34,"height":34,"x":918,"y":369,"pixelRatio":2},"pedrera_abandonada_11":{"width":34,"height":34,"x":952,"y":369,"pixelRatio":2},"pharmacy_11":{"width":34,"height":34,"x":986,"y":369,"pixelRatio":2},"pharmacy_bn_11":{"width":34,"height":34,"x":1020,"y":369,"pixelRatio":2},"pic_11":{"width":34,"height":34,"x":1054,"y":369,"pixelRatio":2},"pic_bn_11":{"width":34,"height":34,"x":1088,"y":369,"pixelRatio":2},"picnic_site_11":{"width":34,"height":34,"x":1122,"y":369,"pixelRatio":2},"picnic_site_bn_11":{"width":34,"height":34,"x":578,"y":403,"pixelRatio":2},"pista_esqui_11":{"width":34,"height":34,"x":612,"y":403,"pixelRatio":2},"place_of_worship_11":{"width":34,"height":34,"x":646,"y":403,"pixelRatio":2},"place_of_worship_bn_11":{"width":34,"height":34,"x":680,"y":403,"pixelRatio":2},"playground_11":{"width":34,"height":34,"x":714,"y":403,"pixelRatio":2},"playground_bn_11":{"width":34,"height":34,"x":748,"y":403,"pixelRatio":2},"police_11":{"width":34,"height":34,"x":782,"y":403,"pixelRatio":2},"police_bn_11":{"width":34,"height":34,"x":816,"y":403,"pixelRatio":2},"policia_11":{"width":34,"height":34,"x":850,"y":403,"pixelRatio":2},"policia_bn_11":{"width":34,"height":34,"x":884,"y":403,"pixelRatio":2},"pont_11":{"width":34,"height":34,"x":918,"y":403,"pixelRatio":2},"pont_bn_11":{"width":34,"height":34,"x":952,"y":403,"pixelRatio":2},"port_1esportiu_11":{"width":34,"height":34,"x":986,"y":403,"pixelRatio":2},"port_1esportiu_bn_11":{"width":34,"height":34,"x":1020,"y":403,"pixelRatio":2},"port_esportiu_11":{"width":34,"height":34,"x":1054,"y":403,"pixelRatio":2},"port_esportiu_bn_11":{"width":34,"height":34,"x":1088,"y":403,"pixelRatio":2},"port_estacio_maritima_11":{"width":34,"height":34,"x":1122,"y":403,"pixelRatio":2},"port_estacio_maritima_bn_11":{"width":34,"height":34,"x":578,"y":437,"pixelRatio":2},"post_11":{"width":34,"height":34,"x":612,"y":437,"pixelRatio":2},"post_bn_11":{"width":34,"height":34,"x":646,"y":437,"pixelRatio":2},"prison_11":{"width":34,"height":34,"x":680,"y":437,"pixelRatio":2},"prison_bn_11":{"width":34,"height":34,"x":714,"y":437,"pixelRatio":2},"punt_informacio_11":{"width":34,"height":34,"x":748,"y":437,"pixelRatio":2},"punt_informacio_bn_11":{"width":34,"height":34,"x":782,"y":437,"pixelRatio":2},"punt_informacio_parc_11":{"width":34,"height":34,"x":816,"y":437,"pixelRatio":2},"punt_informacio_parc_bn_11":{"width":34,"height":34,"x":850,"y":437,"pixelRatio":2},"rail_light_11":{"width":34,"height":34,"x":884,"y":437,"pixelRatio":2},"rail_light_bn_11":{"width":34,"height":34,"x":918,"y":437,"pixelRatio":2},"rail_metro_11":{"width":34,"height":34,"x":952,"y":437,"pixelRatio":2},"rail_metro_bn_11":{"width":34,"height":34,"x":986,"y":437,"pixelRatio":2},"railway_11":{"width":34,"height":34,"x":1020,"y":437,"pixelRatio":2},"railway_bn_11":{"width":34,"height":34,"x":1054,"y":437,"pixelRatio":2},"refugi_11":{"width":34,"height":34,"x":1088,"y":437,"pixelRatio":2},"refugi_amb_clau_11":{"width":34,"height":34,"x":1122,"y":437,"pixelRatio":2},"refugi_amb_clau_bn_11":{"width":34,"height":34,"x":578,"y":471,"pixelRatio":2},"refugi_amb_guarda_11":{"width":34,"height":34,"x":612,"y":471,"pixelRatio":2},"refugi_amb_guarda_bn_11":{"width":34,"height":34,"x":646,"y":471,"pixelRatio":2},"refugi_sense_guarda_11":{"width":34,"height":34,"x":680,"y":471,"pixelRatio":2},"refugi_sense_guarda_bn_11":{"width":34,"height":34,"x":714,"y":471,"pixelRatio":2},"religious_christian_11":{"width":34,"height":34,"x":748,"y":471,"pixelRatio":2},"religious_christian_bn_11":{"width":34,"height":34,"x":782,"y":471,"pixelRatio":2},"religious_jewish_11":{"width":34,"height":34,"x":816,"y":471,"pixelRatio":2},"religious_jewish_bn_11":{"width":34,"height":34,"x":850,"y":471,"pixelRatio":2},"religious_muslim_11":{"width":34,"height":34,"x":884,"y":471,"pixelRatio":2},"religious_muslim_bn_11":{"width":34,"height":34,"x":918,"y":471,"pixelRatio":2},"rem_11":{"width":34,"height":34,"x":952,"y":471,"pixelRatio":2},"rem_bn_11":{"width":34,"height":34,"x":986,"y":471,"pixelRatio":2},"restaurant_11":{"width":34,"height":34,"x":1020,"y":471,"pixelRatio":2},"restaurant_bn_11":{"width":34,"height":34,"x":1054,"y":471,"pixelRatio":2},"restes_histoarque_11":{"width":34,"height":34,"x":1088,"y":471,"pixelRatio":2},"restes_histoarque_bn_11":{"width":34,"height":34,"x":1122,"y":471,"pixelRatio":2},"riu_navegable_11":{"width":34,"height":34,"x":578,"y":505,"pixelRatio":2},"riu_navegable_2_11":{"width":34,"height":34,"x":612,"y":505,"pixelRatio":2},"riu_navegable_bn_11":{"width":34,"height":34,"x":646,"y":505,"pixelRatio":2},"rocket_11":{"width":34,"height":34,"x":680,"y":505,"pixelRatio":2},"rocket_bn_11":{"width":34,"height":34,"x":714,"y":505,"pixelRatio":2},"salt_aigua_11":{"width":34,"height":34,"x":748,"y":505,"pixelRatio":2},"salt_aigua_bn_11":{"width":34,"height":34,"x":782,"y":505,"pixelRatio":2},"salt_daigua_11":{"width":34,"height":34,"x":816,"y":505,"pixelRatio":2},"school_11":{"width":34,"height":34,"x":850,"y":505,"pixelRatio":2},"school_bn_11":{"width":34,"height":34,"x":884,"y":505,"pixelRatio":2},"senderisme_11":{"width":34,"height":34,"x":918,"y":505,"pixelRatio":2},"senderisme_bn_11":{"width":34,"height":34,"x":952,"y":505,"pixelRatio":2},"shop_11":{"width":34,"height":34,"x":986,"y":505,"pixelRatio":2},"shop_bn_11":{"width":34,"height":34,"x":1020,"y":505,"pixelRatio":2},"stadium_11":{"width":34,"height":34,"x":1054,"y":505,"pixelRatio":2},"stadium_2_11":{"width":34,"height":34,"x":1088,"y":505,"pixelRatio":2},"stadium_2_bn_11":{"width":34,"height":34,"x":1122,"y":505,"pixelRatio":2},"stadium_3_11":{"width":34,"height":34,"x":578,"y":539,"pixelRatio":2},"stadium_3_bn_11":{"width":34,"height":34,"x":612,"y":539,"pixelRatio":2},"stadium_4_11":{"width":34,"height":34,"x":646,"y":539,"pixelRatio":2},"stadium_4_bn_11":{"width":34,"height":34,"x":680,"y":539,"pixelRatio":2},"stadium_bn_11":{"width":34,"height":34,"x":714,"y":539,"pixelRatio":2},"star_11":{"width":34,"height":34,"x":748,"y":539,"pixelRatio":2},"star_bn_11":{"width":34,"height":34,"x":782,"y":539,"pixelRatio":2},"submarinisme_11":{"width":34,"height":34,"x":816,"y":539,"pixelRatio":2},"submarinisme_bn_11":{"width":34,"height":34,"x":850,"y":539,"pixelRatio":2},"suitcase-1_11":{"width":34,"height":34,"x":884,"y":539,"pixelRatio":2},"suitcase-1_bn_11":{"width":34,"height":34,"x":918,"y":539,"pixelRatio":2},"suitcase_11":{"width":34,"height":34,"x":952,"y":539,"pixelRatio":2},"suitcase_bn_11":{"width":34,"height":34,"x":986,"y":539,"pixelRatio":2},"surf_a_vela_11":{"width":34,"height":34,"x":1020,"y":539,"pixelRatio":2},"surf_a_vela_bn_11":{"width":34,"height":34,"x":1054,"y":539,"pixelRatio":2},"swimming_11":{"width":34,"height":34,"x":1088,"y":539,"pixelRatio":2},"swimming_bn_11":{"width":34,"height":34,"x":1122,"y":539,"pixelRatio":2},"taxi_11":{"width":34,"height":34,"x":578,"y":573,"pixelRatio":2},"taxi_bn_11":{"width":34,"height":34,"x":612,"y":573,"pixelRatio":2},"teleferic_11":{"width":34,"height":34,"x":646,"y":573,"pixelRatio":2},"teleferic_bn_11":{"width":34,"height":34,"x":680,"y":573,"pixelRatio":2},"theatre_11":{"width":34,"height":34,"x":714,"y":573,"pixelRatio":2},"theatre_bn_11":{"width":34,"height":34,"x":748,"y":573,"pixelRatio":2},"toilet_11":{"width":34,"height":34,"x":782,"y":573,"pixelRatio":2},"toilet_bn_11":{"width":34,"height":34,"x":816,"y":573,"pixelRatio":2},"torre_defensa_11":{"width":34,"height":34,"x":850,"y":573,"pixelRatio":2},"torre_defensa_bn_11":{"width":34,"height":34,"x":884,"y":573,"pixelRatio":2},"torre_guaita_1":{"width":34,"height":34,"x":918,"y":573,"pixelRatio":2},"town_hall_11":{"width":34,"height":34,"x":952,"y":573,"pixelRatio":2},"town_hall_bn_11":{"width":34,"height":34,"x":986,"y":573,"pixelRatio":2},"triangle_11":{"width":34,"height":34,"x":1020,"y":573,"pixelRatio":2},"triangle_bn_11":{"width":34,"height":34,"x":1054,"y":573,"pixelRatio":2},"triangle_stroked_11":{"width":34,"height":34,"x":1088,"y":573,"pixelRatio":2},"triangle_stroked_bn_11":{"width":34,"height":34,"x":1122,"y":573,"pixelRatio":2},"us-highway_1":{"width":34,"height":34,"x":578,"y":607,"pixelRatio":2},"us-highway_2":{"width":34,"height":34,"x":612,"y":607,"pixelRatio":2},"us-highway_3":{"width":42,"height":34,"x":646,"y":607,"pixelRatio":2},"us-interstate_1":{"width":34,"height":34,"x":688,"y":607,"pixelRatio":2},"us-interstate_2":{"width":34,"height":34,"x":722,"y":607,"pixelRatio":2},"us-interstate_3":{"width":42,"height":34,"x":756,"y":607,"pixelRatio":2},"vela_11":{"width":34,"height":34,"x":798,"y":607,"pixelRatio":2},"vela_bn_11":{"width":34,"height":34,"x":832,"y":607,"pixelRatio":2},"vertexs_11":{"width":34,"height":34,"x":866,"y":607,"pixelRatio":2},"vertexs_bn_11":{"width":34,"height":34,"x":900,"y":607,"pixelRatio":2},"vertexs_geodesic_11":{"width":34,"height":34,"x":934,"y":607,"pixelRatio":2},"veterinary_11":{"width":34,"height":34,"x":968,"y":607,"pixelRatio":2},"veterinary_bn_11":{"width":34,"height":34,"x":1002,"y":607,"pixelRatio":2},"vista_panoramica_11":{"width":34,"height":34,"x":1036,"y":607,"pixelRatio":2},"vista_panoramica_bn_11":{"width":34,"height":34,"x":1070,"y":607,"pixelRatio":2},"volcano_11":{"width":34,"height":34,"x":1104,"y":607,"pixelRatio":2},"volcano_bn_11":{"width":34,"height":34,"x":578,"y":641,"pixelRatio":2},"vols_globus_11":{"width":34,"height":34,"x":612,"y":641,"pixelRatio":2},"vols_globus_bn_11":{"width":34,"height":34,"x":646,"y":641,"pixelRatio":2},"xarxa_astronomica_11":{"width":34,"height":34,"x":680,"y":641,"pixelRatio":2},"zona_fruitera_11":{"width":34,"height":34,"x":714,"y":641,"pixelRatio":2},"zona_fruitera_bn_11":{"width":34,"height":34,"x":748,"y":641,"pixelRatio":2},"zoo_11":{"width":34,"height":34,"x":782,"y":641,"pixelRatio":2},"zoo_bn_11":{"width":34,"height":34,"x":816,"y":641,"pixelRatio":2},"boscos_mixtos":{"width":38,"height":33,"x":850,"y":641,"pixelRatio":2},"boscos_mixtos_bn":{"width":38,"height":33,"x":888,"y":641,"pixelRatio":2},"road_1":{"width":28,"height":28,"x":926,"y":641,"pixelRatio":2},"road_2":{"width":40,"height":28,"x":954,"y":641,"pixelRatio":2},"road_3":{"width":51,"height":28,"x":994,"y":641,"pixelRatio":2},"road_4":{"width":62,"height":28,"x":1045,"y":641,"pixelRatio":2},"road_4_20":{"width":62,"height":28,"x":578,"y":675,"pixelRatio":2},"road_4_21":{"width":62,"height":28,"x":640,"y":675,"pixelRatio":2},"road_4_22":{"width":62,"height":28,"x":702,"y":675,"pixelRatio":2},"road_4_23":{"width":62,"height":28,"x":764,"y":675,"pixelRatio":2},"road_4_25":{"width":62,"height":28,"x":826,"y":675,"pixelRatio":2},"road_5":{"width":72,"height":28,"x":888,"y":675,"pixelRatio":2},"road_6":{"width":80,"height":28,"x":960,"y":675,"pixelRatio":2},"road_6_20":{"width":80,"height":28,"x":1040,"y":675,"pixelRatio":2},"road_6_21":{"width":80,"height":28,"x":578,"y":709,"pixelRatio":2},"road_6_22":{"width":80,"height":28,"x":658,"y":709,"pixelRatio":2},"road_6_23":{"width":80,"height":28,"x":738,"y":709,"pixelRatio":2},"road_6_25":{"width":80,"height":28,"x":818,"y":709,"pixelRatio":2},"road_7":{"width":87,"height":28,"x":898,"y":709,"pixelRatio":2},"us-state_1":{"width":34,"height":28,"x":1107,"y":641,"pixelRatio":2},"us-state_2":{"width":44,"height":28,"x":985,"y":709,"pixelRatio":2},"us-state_3":{"width":54,"height":28,"x":1029,"y":709,"pixelRatio":2},"us-state_4":{"width":64,"height":28,"x":1083,"y":709,"pixelRatio":2},"us-state_5":{"width":74,"height":28,"x":578,"y":743,"pixelRatio":2},"us-state_6":{"width":84,"height":28,"x":652,"y":743,"pixelRatio":2},"wave":{"width":32,"height":16,"x":1120,"y":675,"pixelRatio":2},"canal":{"width":6,"height":7,"x":1138,"y":607,"pixelRatio":2},"canal_bn":{"width":6,"height":7,"x":1144,"y":607,"pixelRatio":2},"platja":{"width":7,"height":6,"x":1150,"y":607,"pixelRatio":2},"platja_bn":{"width":7,"height":6,"x":1141,"y":641,"pixelRatio":2},"rambla_inundable":{"width":7,"height":6,"x":1148,"y":641,"pixelRatio":2},"rambla_inundable_bn":{"width":7,"height":6,"x":1152,"y":675,"pixelRatio":2}}